date,tone
2018-08-01,0.9065
2018-08-02,0.6963
2018-08-03,1.328
2018-08-04,-1.1671
2018-08-05,-0.1314
2018-08-06,-0.7071
2018-08-07,0.1851
2018-08-08,0.5637
2018-08-09,0.7289
2018-08-10,0.3098
2018-08-11,-0.08
2018-08-12,0.2628
2018-08-13,0.5338
2018-08-14,0.5961
2018-08-15,0.7713
2018-08-16,1.2543
2018-08-17,-0.185
2018-08-18,0.4218
2018-08-19,0.8269
2018-08-20,-0.2963
2018-08-21,0.0341
2018-08-22,0.0595
2018-08-23,0.7899
2018-08-24,0.6014
2018-08-25,0.6079
2018-08-26,0.8869
2018-08-27,-0.719
2018-08-28,0.8413
2018-08-29,1.7574
2018-08-30,0.6181
2018-08-31,1.1817
2018-09-01,-2.4532
2018-09-02,1.9139
2018-09-03,0.1316
2018-09-04,1.2023
2018-09-05,0.8285
2018-09-06,0.2162
2018-09-07,0.6721
2018-09-08,-0.695
2018-09-09,0.6307
2018-09-10,0.6474
2018-09-11,-0.1735
2018-09-12,1.0789
2018-09-13,0.6336
2018-09-14,1.5577
2018-09-15,1.4231
2018-09-16,0.0
2018-09-17,0.5608
2018-09-18,1.8502
2018-09-19,0.6981
2018-09-20,-1.14
2018-09-21,0.4499
2018-09-22,1.7974
2018-09-23,-0.2218
2018-09-24,1.5196
2018-09-25,0.6631
2018-09-26,-0.2624
2018-09-27,0.6514
2018-09-28,0.7025
2018-09-29,0.0656
2018-09-30,-0.8474
2018-10-01,1.7325
2018-10-02,1.1209
2018-10-03,0.3489
2018-10-04,1.3898
2018-10-05,0.4991
2018-10-06,-0.7416
2018-10-07,-0.4299
2018-10-08,-0.4311
2018-10-09,0.0411
2018-10-10,-0.1742
2018-10-11,-1.3602
2018-10-12,0.6045
2018-10-13,-0.2921
2018-10-14,0.4311
2018-10-15,-0.2351
2018-10-16,1.1236
2018-10-17,0.255
2018-10-18,-0.1923
2018-10-19,-0.9743
2018-10-20,-1.064
2018-10-21,-2.1124
2018-10-22,-0.7391
2018-10-23,-0.5677
2018-10-24,0.0484
2018-10-25,-0.864
2018-10-26,-0.7838
2018-10-27,-0.612
2018-10-28,-1.0786
2018-10-29,-0.5795
2018-10-30,0.4628
2018-10-31,0.8831
2018-11-01,-0.1209
2018-11-02,-2.78
2018-11-03,-1.9551
2018-11-04,-0.7236
2018-11-05,-1.1963
2018-11-06,-1.7254
2018-11-07,0.1491
2018-11-08,-1.2649
2018-11-09,-0.7503
2018-11-10,0.4418
2018-11-11,-0.7196
2018-11-12,-0.7287
2018-11-13,-0.4046
2018-11-14,-1.9254
2018-11-15,-1.438
2018-11-16,-0.3463
2018-11-17,-0.9338
2018-11-18,0.046
2018-11-19,-0.8234
2018-11-20,-1.1942
2018-11-21,-1.6195
2018-11-22,0.9026
2018-11-23,-0.0845
2018-11-24,-0.8033
2018-11-25,-0.2357
2018-11-26,-0.5119
2018-11-27,-0.0221
2018-11-28,-0.3936
2018-11-29,-0.0429
2018-11-30,0.1703
2018-12-01,-0.648
2018-12-02,-1.2276
2018-12-03,-0.9888
2018-12-04,-1.0611
2018-12-05,-1.5964
2018-12-06,0.1391
2018-12-07,1.6288
2018-12-08,-0.0688
2018-12-09,-1.4365
2018-12-10,-0.5099
2018-12-11,-0.8277
2018-12-12,-1.4697
2018-12-13,0.2184
2018-12-14,-0.2344
2018-12-15,-0.6333
2018-12-16,0.0996
2018-12-17,-0.2377
2018-12-18,-0.6056
2018-12-19,-0.2369
2018-12-20,0.3089
2018-12-21,0.6205
2018-12-22,-1.0297
2018-12-23,-0.8749
2018-12-24,-0.2349
2018-12-25,0.4257
2018-12-26,-0.1749
2018-12-27,0.0722
2018-12-28,0.1047
2018-12-29,-0.6788
2018-12-30,-1.1251
2018-12-31,-0.9644
2019-01-01,-0.4911
2019-01-02,0.1424
2019-01-03,-0.1698
2019-01-04,0.0695
2019-01-05,-0.7734
2019-01-06,-0.1935
2019-01-07,0.5436
2019-01-08,-0.0915
2019-01-09,0.2955
2019-01-10,-0.5097
2019-01-11,-0.8793
2019-01-12,-0.7262
2019-01-13,-2.0721
2019-01-14,-0.1379
2019-01-15,0.4374
2019-01-16,0.6437
2019-01-17,-0.8021
2019-01-18,0.2067
2019-01-19,-0.5472
2019-01-20,-0.3446
2019-01-21,0.4028
2019-01-22,0.4755
2019-01-23,-0.6834
2019-01-24,-0.6895
2019-01-25,0.1958
2019-01-26,-0.2088
2019-01-27,-0.0445
2019-01-28,-0.9713
2019-01-29,-2.1906
2019-01-30,-2.1829
2019-01-31,0.3544
2019-02-01,-0.1385
2019-02-02,0.2876
2019-02-03,-0.7137
2019-02-04,3.2516
2019-02-05,0.409
2019-02-06,0.3147
2019-02-07,-0.5135
2019-02-08,-0.619
2019-02-09,-0.9455
2019-02-10,0.6792
2019-02-11,-0.0834
2019-02-12,0.25
2019-02-13,-0.9993
2019-02-14,0.8309
2019-02-15,2.1357
2019-02-16,1.9775
2019-02-17,0.8342
2019-02-18,4.6421
2019-02-19,0.3113
2019-02-20,0.0092
2019-02-21,0.4228
2019-02-22,-1.5664
2019-02-23,-1.7298
2019-02-24,-0.4063
2019-02-25,-0.9522
2019-02-26,-1.9287
2019-02-27,-1.4124
2019-02-28,-0.8828
2019-03-01,0.3664
2019-03-02,-2.5972
2019-03-03,-5.3869
2019-03-04,-1.5783
2019-03-05,-2.7136
2019-03-06,-0.833
2019-03-07,-0.2542
2019-03-08,0.6023
2019-03-09,-0.2608
2019-03-10,-0.612
2019-03-11,-1.7147
2019-03-12,-0.7697
2019-03-13,-1.1828
2019-03-14,-0.7936
2019-03-15,-3.1774
2019-03-16,-0.8279
2019-03-17,0.0934
2019-03-18,0.0293
2019-03-19,0.0614
2019-03-20,-1.056
2019-03-21,-1.4327
2019-03-22,-0.4599
2019-03-23,-0.4431
2019-03-24,0.0207
2019-03-25,0.5951
2019-03-26,-0.5399
2019-03-27,-0.3463
2019-03-28,0.1082
2019-03-29,-0.5451
2019-03-30,-0.3614
2019-03-31,-0.6903
2019-04-01,-0.1566
2019-04-02,-0.0851
2019-04-03,-0.2354
2019-04-04,-0.542
2019-04-05,-0.0216
2019-04-06,0.1563
2019-04-07,0.0422
2019-04-08,0.3783
2019-04-09,-1.258
2019-04-10,-1.0495
2019-04-11,0.054
2019-04-12,0.3223
2019-04-13,1.3286
2019-04-14,3.2215
2019-04-15,-0.4511
2019-04-16,0.1671
2019-04-17,2.2009
2019-04-18,1.168
2019-04-19,0.1963
2019-04-20,0.3847
2019-04-21,0.4602
2019-04-22,1.9746
2019-04-23,1.2528
2019-04-24,-0.3701
2019-04-25,-0.3131
2019-04-26,-0.0587
2019-04-27,-0.5346
2019-04-28,1.3066
2019-04-29,0.325
2019-04-30,-0.0357
2019-05-01,0.2821
2019-05-02,-0.1547
2019-05-03,0.1793
2019-05-04,0.9803
2019-05-05,-1.9829
2019-05-06,0.1527
2019-05-07,1.5342
2019-05-08,-0.457
2019-05-09,0.7218
2019-05-10,-0.1482
2019-05-11,2.5332
2019-05-12,0.3298
2019-05-13,-0.2726
2019-05-14,-0.3324
2019-05-15,-1.1539
2019-05-16,-1.7309
2019-05-17,0.5732
2019-05-18,0.9826
2019-05-19,0.2101
2019-05-20,0.0005
2019-05-21,-0.3464
2019-05-22,0.2768
2019-05-23,2.1835
2019-05-24,-0.5189
2019-05-25,0.6558
2019-05-26,0.5516
2019-05-27,1.7094
2019-05-28,0.4284
2019-05-29,0.1344
2019-05-30,-0.8173
2019-05-31,0.331
2019-06-01,0.4699
2019-06-02,0.2357
2019-06-03,-0.0684
2019-06-04,0.3067
2019-06-05,-0.5136
2019-06-06,1.1102
2019-06-07,1.3585
2019-06-08,0.8361
2019-06-09,0.2908
2019-06-10,0.4105
2019-06-11,0.7106
2019-06-12,-0.6334
2019-06-13,1.6232
2019-06-14,0.4795
2019-06-15,-1.5745
2019-06-16,-4.0249
2019-06-17,-3.0336
2019-06-18,-3.1238
2019-06-19,-0.1185
2019-06-20,-0.4654
2019-06-21,-0.5953
2019-06-22,0.2135
2019-06-23,-0.7674
2019-06-24,-0.0283
2019-06-25,1.5097
2019-06-26,0.2913
2019-06-27,0.861
2019-06-28,1.1805
2019-06-29,0.8884
2019-06-30,1.6135
2019-07-01,1.0326
2019-07-02,2.2139
2019-07-03,1.0038
2019-07-04,-0.3769
2019-07-05,0.8237
2019-07-06,0.3662
2019-07-07,1.6609
2019-07-08,1.4732
2019-07-09,0.4428
2019-07-10,1.1214
2019-07-11,1.295
2019-07-12,0.4728
2019-07-13,0.2429
2019-07-14,1.4705
2019-07-15,1.4734
2019-07-16,-0.071
2019-07-17,1.1633
2019-07-18,0.7224
2019-07-19,2.4757
2019-07-20,0.6841
2019-07-21,0.5934
2019-07-22,-0.3801
2019-07-23,0.4334
2019-07-24,-0.446
2019-07-25,-1.3188
2019-07-26,-0.7879
2019-07-27,-0.5346
2019-07-28,-0.538
2019-07-29,-0.4887
2019-07-30,-0.5899
2019-07-31,0.953
2019-08-01,1.4149
2019-08-02,1.0801
2019-08-03,0.8863
2019-08-04,0.6578
2019-08-05,2.0567
2019-08-06,1.6993
2019-08-07,1.4203
2019-08-08,0.6679
2019-08-09,0.6628
2019-08-10,2.2854
2019-08-11,-1.5654
2019-08-12,0.677
2019-08-13,0.7382
2019-08-14,0.3283
2019-08-15,0.6383
2019-08-16,2.4615
2019-08-17,-0.208
2019-08-18,-1.7804
2019-08-19,0.006
2019-08-20,0.6096
2019-08-21,0.5659
2019-08-22,0.2746
2019-08-23,-0.1603
2019-08-24,-1.0881
2019-08-25,0.4013
2019-08-26,0.0724
2019-08-27,0.9907
2019-08-28,0.8789
2019-08-29,1.8251
2019-08-30,0.1672
2019-08-31,2.2555
2019-09-01,-0.0684
2019-09-02,1.5596
2019-09-03,0.1879
2019-09-04,1.5919
2019-09-05,1.179
2019-09-06,1.7124
2019-09-07,-0.842
2019-09-08,1.2274
2019-09-09,1.1398
2019-09-10,0.0533
2019-09-11,1.0397
2019-09-12,0.1342
2019-09-13,0.726
2019-09-14,1.2207
2019-09-15,0.2273
2019-09-16,0.9871
2019-09-17,2.3936
2019-09-18,1.3234
2019-09-19,0.3866
2019-09-20,1.9071
2019-09-21,0.6146
2019-09-22,0.5585
2019-09-23,2.1051
2019-09-24,0.7615
2019-09-25,1.0037
2019-09-26,-2.9616
2019-09-27,-1.2466
2019-09-28,0.32
2019-09-29,0.1917
2019-09-30,0.3031
2019-10-01,0.8288
2019-10-02,0.8687
2019-10-03,-1.2715
2019-10-04,0.7115
2019-10-05,-1.033
2019-10-06,1.3049
2019-10-07,0.4865
2019-10-08,0.3974
2019-10-09,0.8071
2019-10-10,-0.1546
2019-10-11,0.4393
2019-10-12,0.6565
2019-10-13,2.8568
2019-10-14,-0.0621
2019-10-15,0.6135
2019-10-16,0.5138
2019-10-17,0.6484
2019-10-18,1.0432
2019-10-19,-0.4569
2019-10-20,0.3844
2019-10-21,0.5565
2019-10-22,0.9785
2019-10-23,0.3188
2019-10-24,0.5619
2019-10-25,-0.1038
2019-10-26,0.6186
2019-10-27,0.625
2019-10-28,-0.2203
2019-10-29,-1.6048
2019-10-30,-0.8712
2019-10-31,-0.5883
2019-11-01,-0.6449
2019-11-02,-0.1657
2019-11-03,-0.2373
2019-11-04,0.211
2019-11-05,-1.7237
2019-11-06,-2.0002
2019-11-07,-0.4357
2019-11-08,0.2592
2019-11-09,-0.7573
2019-11-10,-0.8256
2019-11-11,-1.4972
2019-11-12,-1.3796
2019-11-13,-0.4197
2019-11-14,-0.7675
2019-11-15,0.1089
2019-11-16,-1.7474
2019-11-17,-1.2875
2019-11-18,0.1448
2019-11-19,0.3832
2019-11-20,-0.0743
2019-11-21,-1.433
2019-11-22,-1.6688
2019-11-23,-2.1635
2019-11-24,-1.6492
2019-11-25,-1.1426
2019-11-26,-1.5217
2019-11-27,-0.3359
2019-11-28,-0.4268
2019-11-29,-0.7642
2019-11-30,-1.0905
2019-12-01,-0.0703
2019-12-02,-1.2451
2019-12-03,-1.0988
2019-12-04,-2.1798
2019-12-05,-1.4196
2019-12-06,-0.5765
2019-12-07,-0.5285
2019-12-08,-2.3749
2019-12-09,-0.9784
2019-12-10,-1.0418
2019-12-11,-0.0042
2019-12-12,-0.748
2019-12-13,0.3128
2019-12-14,-0.3891
2019-12-15,-0.1901
2019-12-16,-0.9414
2019-12-17,-0.3071
2019-12-18,-1.0171
2019-12-19,-0.419
2019-12-20,-0.5248
2019-12-21,-0.8069
2019-12-22,-0.8311
2019-12-23,-1.165
2019-12-24,-0.7783
2019-12-25,-0.005
2019-12-26,-1.0888
2019-12-27,0.1277
2019-12-28,-1.5833
2019-12-29,-0.8929
2019-12-30,-0.0426
2019-12-31,-0.024
2020-01-01,0.7684
2020-01-02,-0.3494
2020-01-03,-0.0259
2020-01-04,-0.9616
2020-01-05,0.4491
2020-01-06,1.0305
2020-01-07,-0.0329
2020-01-08,-0.3778
2020-01-09,-1.478
2020-01-10,-0.1638
2020-01-11,-0.9803
2020-01-12,-1.0197
2020-01-13,-1.1197
2020-01-14,-1.6921
2020-01-15,-0.7261
2020-01-16,-1.5441
2020-01-17,-0.7203
2020-01-18,-1.0705
2020-01-19,-1.034
2020-01-20,-4.774
2020-01-21,-7.0381
2020-01-22,-1.5832
2020-01-23,-0.4552
2020-01-24,1.1673
2020-01-25,-0.6138
2020-01-26,0.6728
2020-01-27,-0.1093
2020-01-28,0.8816
2020-01-29,-0.2723
2020-01-30,-0.2689
2020-01-31,0.0172
2020-02-01,-0.3192
2020-02-02,-1.4546
2020-02-03,-1.8741
2020-02-04,-0.2219
2020-02-05,-0.3226
2020-02-06,-0.1683
2020-02-07,-0.0624
2020-02-08,-1.2758
2020-02-09,-1.212
2020-02-10,-0.8026
2020-02-11,0.5288
2020-02-12,0.231
2020-02-13,-0.6845
2020-02-14,2.448
2020-02-15,2.1252
2020-02-16,1.6136
2020-02-17,2.0893
2020-02-18,0.597
2020-02-19,0.2956
2020-02-20,-1.2136
2020-02-21,-0.4241
2020-02-22,-0.0904
2020-02-23,-1.3556
2020-02-24,-0.9652
2020-02-25,-0.7849
2020-02-26,-0.6982
2020-02-27,-1.1711
2020-02-28,-0.4227
2020-02-29,-0.8395
2020-03-01,-1.1898
2020-03-02,-0.4617
2020-03-03,-1.1418
2020-03-04,-1.1314
2020-03-05,-0.2603
2020-03-06,0.5038
2020-03-07,-1.3891
2020-03-08,-0.62
2020-03-09,-1.1613
2020-03-10,-1.0951
2020-03-11,-0.5011
2020-03-12,-1.359
2020-03-13,-0.6593
2020-03-14,-0.1938
2020-03-15,-0.0611
2020-03-16,0.629
2020-03-17,-1.5547
2020-03-18,0.4201
2020-03-19,0.4682
2020-03-20,0.0735
2020-03-21,-0.7584
2020-03-22,-0.4716
2020-03-23,-0.0861
2020-03-24,-1.0407
2020-03-25,-0.6985
2020-03-26,-0.0949
2020-03-27,-0.515
2020-03-28,-0.4514
2020-03-29,-0.5842
2020-03-30,-0.1059
2020-03-31,0.9116
2020-04-01,1.5955
2020-04-02,0.74
2020-04-03,0.0989
2020-04-04,-0.4641
2020-04-05,0.3209
2020-04-06,-0.1769
2020-04-07,-0.8176
2020-04-08,-0.5628
2020-04-09,-0.8228
2020-04-10,-0.7015
2020-04-11,0.8963
2020-04-12,0.6626
2020-04-13,1.4185
2020-04-14,0.1058
2020-04-15,0.3681
2020-04-16,0.705
2020-04-17,0.6093
2020-04-18,0.9446
2020-04-19,0.377
2020-04-20,1.2027
2020-04-21,0.9076
2020-04-22,-0.0878
2020-04-23,-1.1788
2020-04-24,-0.5151
2020-04-25,0.3423
2020-04-26,0.0172
2020-04-27,-0.1074
2020-04-28,-0.2729
2020-04-29,0.2665
2020-04-30,0.6761
2020-05-01,1.5747
2020-05-02,0.089
2020-05-03,0.1877
2020-05-04,0.4183
2020-05-05,0.1323
2020-05-06,0.522
2020-05-07,-0.018
2020-05-08,0.8152
2020-05-09,1.0871
2020-05-10,-0.2312
2020-05-11,-0.3691
2020-05-12,0.0104
2020-05-13,0.6237
2020-05-14,0.2478
2020-05-15,0.373
2020-05-16,0.5047
2020-05-17,0.5299
2020-05-18,-0.9802
2020-05-19,0.4615
2020-05-20,0.6546
2020-05-21,0.6751
2020-05-22,-0.271
2020-05-23,0.8979
2020-05-24,-1.147
2020-05-25,0.8755
2020-05-26,0.8597
2020-05-27,1.1728
2020-05-28,-0.2105
2020-05-29,-0.2263
2020-05-30,-0.4155
2020-05-31,0.5236
2020-06-01,-1.8784
2020-06-02,-1.9179
2020-06-03,-1.2392
2020-06-04,-2.8695
2020-06-05,0.0753
2020-06-06,-0.3631
2020-06-07,-0.4788
2020-06-08,-1.1592
2020-06-09,-0.4343
2020-06-10,-0.5021
2020-06-11,-0.9254
2020-06-12,-0.9727
2020-06-13,-0.0671
2020-06-14,0.9287
2020-06-15,-3.6846
2020-06-16,-4.7372
2020-06-17,-2.8164
2020-06-18,0.9617
2020-06-19,1.5136
2020-06-20,1.1377
2020-06-21,1.0552
2020-06-22,-2.3279
2020-06-23,0.8058
2020-06-24,-2.0583
2020-06-25,-0.4387
2020-06-26,-0.5366
2020-06-27,0.2026
2020-06-28,-1.2078
2020-06-29,1.333
2020-06-30,0.1057
2020-07-01,-0.5289
2020-07-02,0.4662
2020-07-03,0.8305
2020-07-04,0.2439
2020-07-05,0.098
2020-07-06,0.1409
2020-07-07,2.5772
2020-07-08,-0.1102
2020-07-09,0.3758
2020-07-10,0.5695
2020-07-11,0.7184
2020-07-12,0.3276
2020-07-13,-0.8003
2020-07-14,2.5864
2020-07-15,-0.1151
2020-07-16,1.0032
2020-07-17,0.9501
2020-07-18,1.2908
2020-07-19,-1.3072
2020-07-20,-1.2175
2020-07-21,-0.461
2020-07-22,0.1289
2020-07-23,0.9385
2020-07-24,1.1518
2020-07-25,0.4071
2020-07-26,-0.8613
2020-07-27,1.5952
2020-07-28,0.076
2020-07-29,-0.8982
2020-07-30,0.9863
2020-07-31,0.1799
2020-08-01,-1.5234
2020-08-02,-1.3201
2020-08-03,-0.2477
2020-08-04,0.7713
2020-08-05,0.5162
2020-08-06,-0.7817
2020-08-07,-0.7301
2020-08-08,-0.6993
2020-08-09,0.6854
2020-08-10,0.4636
2020-08-11,0.3459
2020-08-12,1.2767
2020-08-13,0.1668
2020-08-14,0.1815
2020-08-15,4.0785
2020-08-16,3.1682
2020-08-17,-0.2434
2020-08-18,-0.2577
2020-08-19,2.0197
2020-08-20,0.4482
2020-08-21,0.4989
2020-08-22,-1.0372
2020-08-23,1.8261
2020-08-24,1.589
2020-08-25,0.3084
2020-08-26,-0.311
2020-08-27,-1.6272
2020-08-28,0.73
2020-08-29,0.9197
2020-08-30,1.61
2020-08-31,1.6407
2020-09-01,1.5386
2020-09-02,0.6458
2020-09-03,-0.9435
2020-09-04,0.0919
2020-09-05,-1.0599
2020-09-06,-0.3921
2020-09-07,0.1139
2020-09-08,0.0071
2020-09-09,0.6348
2020-09-10,0.0349
2020-09-11,1.5332
2020-09-12,0.0
2020-09-13,1.1863
2020-09-14,1.9505
2020-09-15,1.2168
2020-09-16,-0.4117
2020-09-17,-0.2861
2020-09-18,-0.9921
2020-09-19,0.6567
2020-09-20,-4.1925
2020-09-21,-2.0135
2020-09-22,0.9391
2020-09-23,-2.7988
2020-09-24,-2.6658
2020-09-25,0.5763
2020-09-26,0.6699
2020-09-27,0.0976
2020-09-28,-0.4453
2020-09-29,-5.1848
2020-09-30,-1.4076
2020-10-01,-0.8916
2020-10-02,1.2207
2020-10-03,0.2481
2020-10-04,0.3518
2020-10-05,3.1322
2020-10-06,1.0256
2020-10-07,4.4964
2020-10-08,-0.1299
2020-10-09,0.2524
2020-10-10,0.6233
2020-10-11,0.0
2020-10-12,-1.2108
2020-10-13,-1.0033
2020-10-14,1.8454
2020-10-15,-0.1192
2020-10-16,-1.6949
2020-10-17,0.337
2020-10-18,-0.0008
2020-10-19,1.0526
2020-10-21,0.7354
2020-10-22,0.5985
2020-10-23,0.5362
2020-10-24,0.3628
2020-10-25,1.814
2020-10-26,-0.6724
2020-10-27,0.5077
2020-10-28,1.2932
2020-10-29,-1.2452
2020-10-30,0.155
2020-10-31,1.7414
2020-11-01,1.6918
2020-11-02,-0.6093
2020-11-03,-0.6112
2020-11-04,-0.151
2020-11-05,-0.4638
2020-11-06,-1.1062
2020-11-07,-0.5203
2020-11-08,-2.9685
2020-11-09,-1.2029
2020-11-10,-0.1945
2020-11-11,0.2758
2020-11-12,-0.089
2020-11-13,-0.8366
2020-11-14,-5.0584
2020-11-15,0.0
2020-11-16,1.5529
2020-11-17,-0.6008
2020-11-18,-0.4452
2020-11-19,-0.245
2020-11-20,0.7436
2020-11-21,1.2662
2020-11-22,1.6439
2020-11-23,0.6901
2020-11-24,-0.1129
2020-11-25,0.0078
2020-11-26,0.0051
2020-11-27,0.1894
2020-11-28,0.5111
2020-11-29,-0.5742
2020-11-30,0.4284
2020-12-01,1.0139
2020-12-02,1.5065
2020-12-03,1.4273
2020-12-04,1.9163
2020-12-05,2.0862
2020-12-06,2.556
2020-12-07,0.6333
2020-12-08,0.8135
2020-12-09,0.5025
2020-12-10,1.436
2020-12-11,0.0561
2020-12-12,0.8051
2020-12-13,-0.9404
2020-12-14,0.8136
2020-12-15,0.6325
2020-12-16,1.115
2020-12-17,1.0915
2020-12-18,0.3855
2020-12-19,-0.7004
2020-12-20,-0.5053
2020-12-21,-0.3966
2020-12-22,-1.0197
2020-12-23,0.4527
2020-12-24,-0.3248
2020-12-25,-0.8512
2020-12-26,-0.3908
2020-12-27,-0.5052
2020-12-28,-2.1669
2020-12-29,-0.8223
2020-12-30,0.7915
2020-12-31,0.4847
2021-01-01,-0.3994
2021-01-02,0.0054
2021-01-03,-1.2244
2021-01-04,-1.1149
2021-01-05,0.0351
2021-01-06,-1.2652
2021-01-07,-0.5002
2021-01-08,-1.811
2021-01-09,0.2737
2021-01-10,-0.2532
2021-01-11,-0.9307
2021-01-12,-1.274
2021-01-13,-1.1855
2021-01-14,-0.4504
2021-01-15,-0.9329
2021-01-16,-0.8189
2021-01-17,-1.1822
2021-01-18,-1.738
2021-01-19,-1.5562
2021-01-20,-1.4479
2021-01-21,-1.1016
2021-01-22,0.1622
2021-01-23,-1.1359
2021-01-24,-0.8031
2021-01-25,-0.948
2021-01-26,0.877
2021-01-27,0.2351
2021-01-28,-0.4551
2021-01-29,-0.4064
2021-01-30,0.0093
2021-01-31,-0.1686
2021-02-01,0.3041
2021-02-02,-0.7242
2021-02-03,-0.7193
2021-02-04,-0.7225
2021-02-05,-0.5824
2021-02-06,-1.2713
2021-02-07,-0.5897
2021-02-08,-1.0071
2021-02-09,0.0632
2021-02-10,1.2275
2021-02-11,-0.0696
2021-02-12,-1.7464
2021-02-13,-1.3183
2021-02-14,-0.1628
2021-02-15,-1.785
2021-02-16,1.012
2021-02-17,0.824
2021-02-18,1.0781
2021-02-19,0.3326
2021-02-20,-0.0432
2021-02-21,-0.9973
2021-02-22,-1.2301
2021-02-23,-1.2788
2021-02-24,-0.9926
2021-02-25,-0.5756
2021-02-26,2.2441
2021-02-27,-0.8159
2021-02-28,0.2237
2021-03-01,-0.565
2021-03-02,-0.4222
2021-03-03,-0.5244
2021-03-04,-0.2922
2021-03-05,-0.6359
2021-03-06,0.4653
2021-03-07,1.6973
2021-03-08,1.4599
2021-03-09,-1.3082
2021-03-10,0.3872
2021-03-11,0.2217
2021-03-12,-0.1987
2021-03-13,-0.8448
2021-03-14,0.2071
2021-03-15,-1.5253
2021-03-16,-1.1478
2021-03-17,-0.5589
2021-03-18,-0.4137
2021-03-19,0.7807
2021-03-20,-1.2902
2021-03-21,-2.8959
2021-03-22,-1.216
2021-03-23,-0.5016
2021-03-24,0.2166
2021-03-25,-0.1827
2021-03-26,0.0378
2021-03-27,-0.5027
2021-03-28,2.0706
2021-03-29,-0.2076
2021-03-30,0.843
2021-03-31,0.3399
2021-04-01,-0.8016
2021-04-02,-0.3574
2021-04-03,-2.0018
2021-04-04,-2.7696
2021-04-05,-0.9232
2021-04-06,-0.5167
2021-04-07,-0.2158
2021-04-08,-0.0454
2021-04-09,-1.0052
2021-04-10,-0.5939
2021-04-11,-1.067
2021-04-12,-2.7288
2021-04-13,-2.3364
2021-04-14,-1.1364
2021-04-15,0.5717
2021-04-16,-0.1931
2021-04-17,-0.6479
2021-04-18,0.0776
2021-04-19,-0.596
2021-04-20,-1.6064
2021-04-21,-0.6097
2021-04-22,-0.8043
2021-04-23,-1.8357
2021-04-24,-1.3167
2021-04-25,-0.5934
2021-04-26,-0.3707
2021-04-27,-0.8749
2021-04-28,-0.6352
2021-04-29,-0.7428
2021-04-30,-0.8603
2021-05-01,-1.1217
2021-05-02,-1.5062
2021-05-03,-0.8822
2021-05-04,0.0318
2021-05-05,-0.2581
2021-05-06,-0.8875
2021-05-07,-1.1604
2021-05-08,-0.169
2021-05-09,0.0483
2021-05-10,0.0652
2021-05-11,0.8414
2021-05-12,-0.7779
2021-05-13,-0.7178
2021-05-14,0.002
2021-05-15,-0.2125
2021-05-16,0.7822
2021-05-17,0.6535
2021-05-18,0.7712
2021-05-19,0.346
2021-05-20,0.5615
2021-05-21,0.4894
2021-05-22,0.5954
2021-05-23,0.7145
2021-05-24,-0.2416
2021-05-25,-1.2966
2021-05-26,5.8014
2021-05-27,-0.2144
2021-05-28,0.017
2021-05-29,-0.3351
2021-05-30,-0.3133
2021-05-31,0.2403
2021-06-01,1.2823
2021-06-02,0.232
2021-06-03,0.8167
2021-06-04,-0.1939
2021-06-05,0.3163
2021-06-06,-0.4525
2021-06-07,-0.3357
2021-06-08,0.5887
2021-06-09,-1.2667
2021-06-10,-1.2086
2021-06-11,-0.8833
2021-06-12,-0.4592
2021-06-13,-0.6167
2021-06-14,-0.7466
2021-06-15,-1.0752
2021-06-16,-1.2633
2021-06-17,-0.8693
2021-06-18,-0.4714
2021-06-19,-0.7633
2021-06-20,-1.2622
2021-06-21,-0.583
2021-06-22,-0.0985
2021-06-23,0.2856
2021-06-24,0.8342
2021-06-25,-0.1834
2021-06-26,0.4383
2021-06-27,-0.0008
2021-06-28,-0.6544
2021-06-29,0.147
2021-06-30,-3.571
2021-07-01,-3.486
2021-07-02,-0.9675
2021-07-03,-2.435
2021-07-04,-0.3979
2021-07-05,-0.132
2021-07-06,-1.4839
2021-07-07,-0.5339
2021-07-08,0.6669
2021-07-09,-0.2152
2021-07-10,-0.5327
2021-07-11,0.9158
2021-07-12,-0.4397
2021-07-13,0.2728
2021-07-14,-0.1647
2021-07-15,0.3111
2021-07-16,0.1753
2021-07-17,0.1664
2021-07-18,0.1076
2021-07-19,0.881
2021-07-20,0.7053
2021-07-21,1.0245
2021-07-22,0.6003
2021-07-23,0.865
2021-07-24,0.4785
2021-07-25,-0.0796
2021-07-26,0.7404
2021-07-27,0.1845
2021-07-28,-0.3775
2021-07-29,-0.6147
2021-07-30,-0.3134
2021-07-31,-0.4058
2021-08-01,0.3093
2021-08-02,0.7557
2021-08-03,1.6978
2021-08-04,0.7175
2021-08-05,2.2955
2021-08-06,1.4027
2021-08-07,0.6329
2021-08-08,-0.479
2021-08-09,0.4391
2021-08-10,1.2788
2021-08-11,0.8759
2021-08-12,1.4843
2021-08-13,0.0621
2021-08-14,0.3684
2021-08-15,-0.0824
2021-08-16,0.4621
2021-08-17,0.4485
2021-08-18,1.5515
2021-08-19,0.5878
2021-08-20,1.7227
2021-08-21,0.7145
2021-08-22,0.2955
2021-08-23,0.6529
2021-08-24,0.8294
2021-08-25,1.8541
2021-08-26,1.2384
2021-08-27,-0.4146
2021-08-28,-0.0706
2021-08-29,0.2593
2021-08-30,0.5846
2021-08-31,2.3601
2021-09-01,0.2134
2021-09-02,1.5726
2021-09-03,-0.5309
2021-09-04,0.2763
2021-09-05,1.9976
2021-09-06,0.7029
2021-09-07,0.7851
2021-09-08,-0.7538
2021-09-09,1.6366
2021-09-10,0.9531
2021-09-11,0.019
2021-09-12,0.5877
2021-09-13,-0.0568
2021-09-14,-0.1313
2021-09-15,0.2666
2021-09-16,0.5731
2021-09-17,0.3548
2021-09-18,0.9088
2021-09-19,1.8613
2021-09-20,0.7955
2021-09-21,-0.5552
2021-09-22,-1.0153
2021-09-23,-0.6385
2021-09-24,-0.229
2021-09-25,-0.3432
2021-09-26,1.1281
2021-09-27,-0.1277
2021-09-28,-1.326
2021-09-29,0.1442
2021-09-30,0.5668
2021-10-01,-2.0844
2021-10-02,2.4894
2021-10-03,0.3523
2021-10-04,-0.4082
2021-10-05,-0.1837
2021-10-06,-0.6549
2021-10-07,-0.2458
2021-10-08,0.0579
2021-10-09,-0.4032
2021-10-10,-0.8594
2021-10-11,-0.2519
2021-10-12,-0.9734
2021-10-13,1.2275
2021-10-14,-0.5188
2021-10-15,-0.4046
2021-10-16,-1.3921
2021-10-17,0.2222
2021-10-18,-0.0963
2021-10-19,0.1131
2021-10-20,-0.2043
2021-10-21,1.1088
2021-10-22,-0.4387
2021-10-23,-0.8569
2021-10-24,-1.0922
2021-10-25,0.0456
2021-10-26,-0.3087
2021-10-27,-0.5422
2021-10-28,-0.2168
2021-10-29,-0.6637
2021-10-30,-1.2897
2021-10-31,-0.7079
2021-11-01,0.2201
2021-11-02,-0.3077
2021-11-03,-1.1469
2021-11-04,-0.0057
2021-11-05,-0.2593
2021-11-06,-1.1068
2021-11-07,-1.3585
2021-11-08,-0.3565
2021-11-09,-0.6955
2021-11-10,0.0198
2021-11-11,0.1135
2021-11-12,-1.2963
2021-11-13,-0.9711
2021-11-14,-1.2704
2021-11-15,-1.3461
2021-11-16,-1.5353
2021-11-17,-1.0664
2021-11-18,0.0537
2021-11-19,0.0929
2021-11-20,0.1111
2021-11-21,-0.0605
2021-11-22,1.3929
2021-11-23,0.437
2021-11-24,-0.2518
2021-11-25,0.0157
2021-11-26,-1.7511
2021-11-27,-1.2702
2021-11-28,-1.3418
2021-11-29,-3.1513
2021-11-30,-0.363
2021-12-01,0.8793
2021-12-02,-0.5296
2021-12-03,-0.425
2021-12-04,-1.066
2021-12-05,-0.1949
2021-12-06,-0.5063
2021-12-07,-1.1481
2021-12-08,-2.4096
2021-12-09,-0.8799
2021-12-10,-1.5452
2021-12-11,-0.7071
2021-12-12,-0.4174
2021-12-13,-1.2933
2021-12-14,-1.6331
2021-12-15,-0.0617
2021-12-16,-1.7656
2021-12-17,-0.2454
2021-12-18,-1.3674
2021-12-19,-0.3266
2021-12-20,-0.3309
2021-12-21,0.3105
2021-12-22,0.2703
2021-12-23,0.5854
2021-12-24,1.3867
2021-12-25,0.0371
2021-12-26,-0.071
2021-12-27,-1.7076
2021-12-28,0.3867
2021-12-29,-0.2355
2021-12-30,-0.0506
2021-12-31,-0.6279
2022-01-01,-0.2335
2022-01-02,-1.8199
2022-01-03,-1.1886
2022-01-04,-0.7569
2022-01-05,-0.002
2022-01-06,0.0716
2022-01-07,-1.0117
2022-01-08,-0.1394
2022-01-09,-0.7664
2022-01-10,-0.8252
2022-01-11,-0.4984
2022-01-12,0.3906
2022-01-13,1.0235
2022-01-14,1.2869
2022-01-15,0.6351
2022-01-16,-0.5541
2022-01-17,0.8799
2022-01-18,-1.2013
2022-01-19,-0.7792
2022-01-20,-0.9498
2022-01-21,0.6557
2022-01-22,-0.1259
2022-01-23,0.9665
2022-01-24,-0.9578
2022-01-25,-1.7399
2022-01-26,-0.1874
2022-01-27,-0.4137
2022-01-28,2.7822
2022-01-29,-1.1316
2022-01-30,-1.797
2022-01-31,-1.0569
2022-02-01,-1.0978
2022-02-02,-0.9648
2022-02-03,0.2054
2022-02-04,-1.091
2022-02-05,0.2314
2022-02-06,-0.9736
2022-02-07,-0.7731
2022-02-08,-0.7474
2022-02-09,-0.3822
2022-02-10,-0.3284
2022-02-11,0.2588
2022-02-12,0.1938
2022-02-13,0.0902
2022-02-14,-0.0977
2022-02-15,-0.0962
2022-02-16,0.2168
2022-02-17,0.3458
2022-02-18,-0.3276
2022-02-19,2.8227
2022-02-20,1.3336
2022-02-21,1.9296
2022-02-22,-1.0127
2022-02-23,1.1104
2022-02-24,1.7072
2022-02-25,0.0814
2022-02-26,-1.2239
2022-02-27,-0.6809
2022-02-28,1.4888
2022-03-01,0.3078
2022-03-02,-0.8026
2022-03-03,-0.107
2022-03-04,-0.7262
2022-03-05,0.2752
2022-03-06,0.9419
2022-03-07,0.0775
2022-03-08,-0.1805
2022-03-09,-0.9158
2022-03-10,-0.7477
2022-03-11,-1.3335
2022-03-12,-0.3718
2022-03-13,-1.3575
2022-03-14,-0.2398
2022-03-15,-0.3009
2022-03-16,-0.8597
2022-03-17,-1.996
2022-03-18,-1.7189
2022-03-19,-2.1556
2022-03-20,-0.7683
2022-03-21,-0.0687
2022-03-22,-1.8239
2022-03-23,-0.9522
2022-03-24,-0.8317
2022-03-25,-0.2422
2022-03-26,0.3085
2022-03-27,-0.6131
2022-03-28,-1.5626
2022-03-29,-0.9755
2022-03-30,0.1864
2022-03-31,0.7341
2022-04-01,-1.3066
2022-04-02,-0.9716
2022-04-03,-0.3355
2022-04-04,-1.6094
2022-04-05,-2.276
2022-04-06,-0.2767
2022-04-07,0.1224
2022-04-08,0.163
2022-04-09,-0.5187
2022-04-10,-0.0418
2022-04-11,0.722
2022-04-12,0.3623
2022-04-13,-0.1708
2022-04-14,-0.9631
2022-04-15,-0.2747
2022-04-16,-2.1538
2022-04-17,-1.4223
2022-04-18,0.0388
2022-04-19,-0.1242
2022-04-20,-0.7076
2022-04-21,-0.3537
2022-04-22,-0.169
2022-04-23,-1.8638
2022-04-24,0.1109
2022-04-25,-1.0072
2022-04-26,0.0601
2022-04-27,-0.258
2022-04-28,-0.0403
2022-04-29,-0.4835
2022-04-30,-0.2495
2022-05-01,-1.9273
2022-05-02,-1.3627
2022-05-03,-2.6792
2022-05-04,-2.4996
2022-05-05,-1.0784
2022-05-06,-0.1227
2022-05-07,-1.6663
2022-05-08,-1.8307
2022-05-09,-1.6702
2022-05-10,-0.814
2022-05-11,-0.8052
2022-05-12,0.5754
2022-05-13,0.706
2022-05-14,0.4127
2022-05-15,-0.1799
2022-05-16,0.6608
2022-05-17,-1.8842
2022-05-18,0.1259
2022-05-19,0.4964
2022-05-20,-0.9205
2022-05-21,-0.5145
2022-05-22,-0.5641
2022-05-23,-1.7244
2022-05-24,-0.1666
2022-05-25,0.7324
2022-05-26,0.2042
2022-05-27,0.3021
2022-05-28,0.7324
2022-05-29,0.7796
2022-05-30,1.2837
2022-05-31,-0.8658
2022-06-01,-0.4007
2022-06-02,-0.3905
2022-06-03,0.908
2022-06-04,1.2415
2022-06-05,4.4505
2022-06-06,2.5375
2022-06-07,-2.0022
2022-06-08,-1.1987
2022-06-09,0.4826
2022-06-10,0.9956
2022-06-11,-0.2083
2022-06-12,1.7713
2022-06-13,-0.2707
2022-06-14,-0.7473
2022-06-15,-1.6857
2022-06-16,1.1506
2022-06-17,-1.3096
2022-06-18,-0.4942
2022-06-19,-0.3213
2022-06-20,-0.3524
2022-06-21,0.9185
2022-06-22,-0.0426
2022-06-23,0.09
2022-06-24,-0.03
2022-06-25,0.3477
2022-06-26,-0.205
2022-06-27,-0.446
2022-06-28,0.2431
2022-06-29,0.0314
2022-06-30,0.4464
2022-07-01,1.6995
2022-07-02,1.47
2022-07-03,0.1924
2022-07-04,0.8162
2022-07-05,0.4924
2022-07-06,2.2194
2022-07-07,1.6796
2022-07-08,-1.3047
2022-07-09,-0.2728
2022-07-10,0.7778
2022-07-11,1.7739
2022-07-12,-1.3571
2022-07-13,-0.7594
2022-07-14,-0.3711
2022-07-15,0.6615
2022-07-16,0.6649
2022-07-17,-0.2957
2022-07-18,0.1851
2022-07-19,0.6468
2022-07-20,0.4423
2022-07-21,0.8206
2022-07-22,2.1476
2022-07-23,1.8859
2022-07-24,0.8973
2022-07-25,0.4991
2022-07-26,1.5215
2022-07-27,0.6991
2022-07-28,0.4808
2022-07-29,2.1023
2022-07-30,0.1033
2022-07-31,1.384
2022-08-01,0.2271
2022-08-02,1.5673
2022-08-03,0.528
2022-08-04,0.0367
2022-08-05,0.0031
2022-08-06,-0.3758
2022-08-07,0.5538
2022-08-08,0.9943
2022-08-09,1.9696
2022-08-10,0.8048
2022-08-11,0.3165
2022-08-12,-0.8477
2022-08-13,0.3636
2022-08-14,0.3831
2022-08-15,-0.0519
2022-08-16,1.369
2022-08-17,0.1837
2022-08-18,0.7173
2022-08-19,0.9095
2022-08-20,1.1777
2022-08-21,0.1875
2022-08-22,-1.0338
2022-08-23,-0.7619
2022-08-24,0.8833
2022-08-25,0.6778
2022-08-26,1.9001
2022-08-27,0.291
2022-08-28,-0.7908
2022-08-29,-0.3245
2022-08-30,0.5154
2022-08-31,-0.3724
2022-09-01,0.3367
2022-09-02,-0.8254
2022-09-03,-0.6082
2022-09-04,2.3029
2022-09-05,-0.1329
2022-09-06,0.0652
2022-09-07,0.3112
2022-09-08,0.4134
2022-09-09,-1.6467
2022-09-10,2.021
2022-09-11,1.5992
2022-09-12,-0.6928
2022-09-13,-0.0691
2022-09-14,0.8521
2022-09-15,2.9473
2022-09-16,-0.6773
2022-09-17,1.4895
2022-09-18,-0.677
2022-09-19,1.9389
2022-09-20,0.1496
2022-09-21,0.6114
2022-09-22,4.3543
2022-09-23,2.8327
2022-09-24,0.4114
2022-09-25,-1.024
2022-09-26,-0.101
2022-09-27,0.7103
2022-09-28,-0.1212
2022-09-29,0.7947
2022-09-30,1.5094
2022-10-01,0.8417
2022-10-02,1.1205
2022-10-03,1.2124
2022-10-04,2.6695
2022-10-05,0.5884
2022-10-06,1.9222
2022-10-07,1.2548
2022-10-08,0.44
2022-10-09,1.8624
2022-10-10,1.3331
2022-10-11,0.147
2022-10-12,-0.4489
2022-10-13,-0.0812
2022-10-14,-0.65
2022-10-15,1.675
2022-10-16,1.7336
2022-10-17,-0.2675
2022-10-18,-0.3176
2022-10-19,0.3607
2022-10-20,0.043
2022-10-21,-0.1467
2022-10-22,0.0635
2022-10-23,-0.7112
2022-10-24,0.0445
2022-10-25,0.3109
2022-10-26,-0.8
2022-10-27,0.0645
2022-10-28,0.5908
2022-10-29,0.5989
2022-10-30,0.1451
2022-10-31,-0.2565
2022-11-01,-0.361
2022-11-02,-0.7061
2022-11-03,-1.504
2022-11-04,-1.0597
2022-11-05,-0.3092
2022-11-06,-0.5509
2022-11-07,0.5099
2022-11-08,-0.1826
2022-11-09,-0.1093
2022-11-10,0.2844
2022-11-11,-0.9574
2022-11-12,0.5711
2022-11-13,-0.9297
2022-11-14,-1.2846
2022-11-15,-0.9482
2022-11-16,-1.5431
2022-11-17,-0.0223
2022-11-18,-0.7868
2022-11-19,-0.7458
2022-11-20,-2.7162
2022-11-21,-1.5976
2022-11-22,-1.5042
2022-11-23,-0.6559
2022-11-24,-0.0153
2022-11-25,-1.0508
2022-11-26,-0.524
2022-11-27,-0.6813
2022-11-28,-0.6678
2022-11-29,-1.0498
2022-11-30,-0.8974
2022-12-01,0.7278
2022-12-02,0.3785
2022-12-03,0.1196
2022-12-04,-1.4038
2022-12-05,-0.56
2022-12-06,-1.4266
2022-12-07,-0.9317
2022-12-08,-1.2543
2022-12-09,-1.9637
2022-12-10,-1.2447
2022-12-11,-0.4573
2022-12-12,-1.0535
2022-12-13,-0.3848
2022-12-14,-1.1068
2022-12-15,0.5544
2022-12-16,-1.6301
2022-12-17,-1.4354
2022-12-18,-1.9668
2022-12-19,0.1364
2022-12-20,0.169
2022-12-21,-0.5455
2022-12-22,-1.4581
2022-12-23,-1.4629
2022-12-24,-0.6787
2022-12-25,0.0294
2022-12-26,0.663
2022-12-27,0.3113
2022-12-28,-0.9296
2022-12-29,-0.3183
2022-12-30,-0.3194
2022-12-31,-0.2645
2023-01-01,0.2802
2023-01-02,-0.7279
2023-01-03,-0.7865
2023-01-04,-0.1973
2023-01-05,0.0461
2023-01-06,1.0586
2023-01-07,0.4582
2023-01-08,-1.3175
2023-01-09,-0.5148
2023-01-10,-0.8795
2023-01-11,0.7443
2023-01-12,-0.2713
2023-01-13,-0.589
2023-01-14,0.4348
2023-01-15,-0.9259
2023-01-16,-0.652
2023-01-17,-1.2931
2023-01-18,-0.6375
2023-01-19,-4.8915
2023-01-20,0.0841
2023-01-21,-1.5892
2023-01-22,-1.5305
2023-01-23,-0.5854
2023-01-24,-1.2288
2023-01-25,-0.5909
2023-01-26,-0.7146
2023-01-27,0.5787
2023-01-28,-0.1811
2023-01-29,-1.1972
2023-01-30,-0.6735
2023-01-31,-0.6025
2023-02-01,-0.6665
2023-02-02,-0.9208
2023-02-03,-0.6068
2023-02-04,0.243
2023-02-05,-0.8545
2023-02-06,-1.3288
2023-02-07,0.0799
2023-02-08,-1.1835
2023-02-09,-0.9213
2023-02-10,-0.3753
2023-02-11,-0.7171
2023-02-12,-0.5669
2023-02-13,-1.9644
2023-02-14,-0.6976
2023-02-15,0.3778
2023-02-16,-0.7782
2023-02-17,0.8366
2023-02-18,0.5651
2023-02-19,-2.8054
2023-02-20,0.1241
2023-02-21,-0.5292
2023-02-22,-3.7001
2023-02-23,0.2062
2023-02-24,0.1064
2023-02-25,-1.2294
2023-02-26,-1.6129
2023-02-27,-0.0297
2023-02-28,-0.619
2023-03-01,0.527
2023-03-02,0.7878
2023-03-03,-0.4918
2023-03-04,-0.2884
2023-03-05,-1.0902
2023-03-06,0.0399
2023-03-07,0.6057
2023-03-08,0.2569
2023-03-09,0.7591
2023-03-10,0.4536
2023-03-11,0.3312
2023-03-12,0.5856
2023-03-13,-1.4664
2023-03-14,-0.9782
2023-03-15,0.2897
2023-03-16,-0.2955
2023-03-17,-0.4048
2023-03-18,-1.5149
2023-03-19,-1.0082
2023-03-20,-0.9406
2023-03-21,-2.0396
2023-03-22,0.546
2023-03-24,2.1209
2023-03-25,-1.1213
2023-03-26,-1.4824
2023-03-27,-2.5274
2023-03-28,-0.0332
2023-03-29,-0.8527
2023-03-30,0.4488
2023-03-31,-0.1064
2023-04-01,-0.796
2023-04-02,-1.5225
2023-04-03,-0.6875
2023-04-04,-0.2731
2023-04-05,-0.1858
2023-04-06,-0.0949
2023-04-07,-0.151
2023-04-08,0.0954
2023-04-09,0.2675
2023-04-10,0.3881
2023-04-11,0.3953
2023-04-12,-0.3064
2023-04-13,0.4506
2023-04-14,0.0764
2023-04-15,0.0175
2023-04-16,-0.339
2023-04-17,1.2375
2023-04-18,-0.4222
2023-04-19,-1.0119
2023-04-20,0.4718
2023-04-21,0.0358
2023-04-22,-0.1675
2023-04-23,-0.4853
2023-04-24,-0.3059
2023-04-25,-1.0827
2023-04-26,-0.4551
2023-04-27,0.7663
2023-04-28,0.0262
2023-04-29,-0.3763
2023-04-30,0.342
2023-05-01,0.5653
2023-05-02,0.8964
2023-05-03,2.1276
2023-05-04,1.0733
2023-05-05,0.4535
2023-05-06,-1.4528
2023-05-07,1.0694
2023-05-08,-3.6263
2023-05-09,-0.107
2023-05-10,-0.6756
2023-05-11,0.064
2023-05-12,-0.5228
2023-05-13,0.7486
2023-05-14,1.7123
2023-05-15,-1.0123
2023-05-16,-0.054
2023-05-17,-0.0908
2023-05-18,0.3662
2023-05-19,0.2105
2023-05-20,0.3723
2023-05-21,0.827
2023-05-22,-0.0254
2023-05-23,2.2145
2023-05-24,0.1981
2023-05-25,0.5847
2023-05-26,-0.6422
2023-05-27,0.2173
2023-05-28,0.4119
2023-05-29,0.7707
2023-05-30,0.3277
2023-05-31,-0.4599
2023-06-01,0.0619
2023-06-02,0.3233
2023-06-03,-0.905
2023-06-04,-0.5918
2023-06-05,0.1673
2023-06-06,1.0079
2023-06-07,0.3804
2023-06-08,0.7623
2023-06-09,0.8232
2023-06-10,-0.246
2023-06-11,0.4574
2023-06-12,0.4094
2023-06-13,0.9989
2023-06-14,-0.7284
2023-06-15,1.0739
2023-06-16,0.5927
2023-06-17,0.5322
2023-06-18,1.6194
2023-06-19,0.919
2023-06-20,0.5315
2023-06-21,0.3714
2023-06-22,-0.3362
2023-06-23,-0.1204
2023-06-24,1.6721
2023-06-25,1.1547
2023-06-26,0.3651
2023-06-27,-0.1765
2023-06-28,0.8454
2023-06-29,0.9269
2023-06-30,1.3802
2023-07-01,2.2561
2023-07-02,1.0121
2023-07-03,-0.286
2023-07-04,0.7223
2023-07-05,1.0551
2023-07-06,1.1868
2023-07-07,1.8455
2023-07-08,0.2814
2023-07-09,1.2539
2023-07-10,0.4598
2023-07-11,0.8694
2023-07-12,1.6103
2023-07-13,1.8788
2023-07-14,0.641
2023-07-15,0.3872
2023-07-16,0.8571
2023-07-17,1.4708
2023-07-18,1.9381
2023-07-19,-0.2047
2023-07-20,1.067
2023-07-21,1.565
2023-07-22,1.42
2023-07-23,1.372
2023-07-24,1.0389
2023-07-25,1.0513
2023-07-26,6.2448
2023-07-27,4.0539
2023-07-28,0.5819
2023-07-29,1.6385
2023-07-30,0.3175
2023-07-31,0.5149
2023-08-01,3.2529
2023-08-02,-1.1083
2023-08-03,4.8161
2023-08-04,3.7472
2023-08-05,3.0772
2023-08-06,-0.5001
2023-08-07,1.4632
2023-08-08,1.6168
2023-08-09,0.3559
2023-08-10,0.0414
2023-08-11,1.9002
2023-08-12,0.0291
2023-08-13,0.7627
2023-08-14,0.9149
2023-08-15,0.6297
2023-08-16,0.5747
2023-08-17,1.0903
2023-08-18,0.8336
2023-08-19,1.1759
2023-08-20,0.097
2023-08-21,5.0635
2023-08-22,-0.833
2023-08-23,-0.703
2023-08-24,0.6942
2023-08-25,0.5429
2023-08-26,1.366
2023-08-27,0.5063
2023-08-28,1.1249
2023-08-29,0.4137
2023-08-30,1.3197
2023-08-31,1.3844
2023-09-01,-1.0417
2023-09-02,-2.6304
2023-09-03,1.5775
2023-09-04,0.1527
2023-09-05,0.9749
2023-09-06,0.758
2023-09-07,0.0492
2023-09-08,0.0223
2023-09-09,1.0248
2023-09-10,0.1991
2023-09-11,1.6173
2023-09-12,1.3533
2023-09-13,0.7122
2023-09-14,0.1567
2023-09-15,1.2503
2023-09-16,0.5315
2023-09-17,0.0719
2023-09-18,1.9124
2023-09-19,0.6606
2023-09-20,2.7514
2023-09-21,2.3965
2023-09-22,-0.0575
2023-09-23,-2.6914
2023-09-24,-0.2516
2023-09-25,0.1281
2023-09-26,1.9473
2023-09-27,2.43
2023-09-28,1.487
2023-09-29,-0.4809
2023-09-30,-0.1564
2023-10-01,-0.3922
2023-10-02,2.5803
2023-10-03,1.6025
2023-10-04,2.3014
2023-10-05,1.5081
2023-10-06,1.0824
2023-10-07,1.4519
2023-10-08,-0.1915
2023-10-09,-1.0001
2023-10-10,0.4891
2023-10-11,-1.6364
2023-10-12,0.0927
2023-10-13,-2.316
2023-10-14,0.0503
2023-10-15,-1.1258
2023-10-16,6.4592
2023-10-17,-0.2004
2023-10-18,1.2656
2023-10-19,0.7171
2023-10-20,0.6219
2023-10-21,-2.0499
2023-10-22,0.0313
2023-10-23,0.0218
2023-10-24,0.4076
2023-10-25,-0.2411
2023-10-26,-1.3159
2023-10-27,-0.0801
2023-10-28,0.2964
2023-10-29,-0.34
2023-10-30,0.0493
2023-10-31,0.0375
2023-11-01,0.5315
2023-11-02,1.931
2023-11-03,-0.6191
2023-11-04,-0.1573
2023-11-05,0.2457
2023-11-06,-0.7356
2023-11-07,-0.4662
2023-11-08,0.285
2023-11-09,0.2817
2023-11-10,0.9762
2023-11-11,0.5
2023-11-12,-1.7255
2023-11-13,0.0324
2023-11-14,-0.0831
2023-11-15,0.2431
2023-11-16,-0.0777
2023-11-17,-0.618
2023-11-18,-1.0037
2023-11-19,0.2983
2023-11-20,-1.0153
2023-11-21,-0.4673
2023-11-22,0.0511
2023-11-23,-0.4004
2023-11-24,-0.1717
2023-11-25,-0.3935
2023-11-26,-1.0971
2023-11-27,-0.3427
2023-11-28,-3.5412
2023-11-29,0.3813
2023-11-30,-0.7825
2023-12-01,-1.8097
2023-12-02,-2.3038
2023-12-03,0.093
2023-12-04,0.0009
2023-12-05,0.1857
2023-12-06,-0.4865
2023-12-07,-0.0474
2023-12-08,-0.2431
2023-12-09,-0.7619
2023-12-10,-4.197
2023-12-11,-1.5531
2023-12-12,-1.5132
2023-12-13,-0.3668
2023-12-14,-0.6406
2023-12-15,-0.3291
2023-12-16,-1.6003
2023-12-17,-2.8124
2023-12-18,-1.4172
2023-12-19,-2.0469
2023-12-20,0.4167
2023-12-21,1.9808
2023-12-22,-0.9095
2023-12-23,0.5498
2023-12-24,-0.413
2023-12-25,-1.1269
2023-12-26,-1.6445
2023-12-27,-1.2116
2023-12-28,0.458
2023-12-29,2.0528
2023-12-30,-0.3918
2023-12-31,0.8489
2024-01-01,0.328
2024-01-02,1.3647
2024-01-03,0.046
2024-01-04,-0.2957
2024-01-05,0.7466
2024-01-06,0.0244
2024-01-07,-0.798
2024-01-08,-0.4189
2024-01-09,0.1331
2024-01-10,-0.2349
2024-01-11,-1.0191
2024-01-12,-0.7687
2024-01-13,-0.1457
2024-01-14,-0.097
2024-01-15,-0.5809
2024-01-16,-0.5849
2024-01-17,-0.1514
2024-01-18,0.0748
2024-01-19,-0.0727
2024-01-20,0.0973
2024-01-21,-2.7113
2024-01-22,-0.7721
2024-01-23,-0.4636
2024-01-24,-0.36
2024-01-25,0.219
2024-01-26,-0.5773
2024-01-27,-0.5551
2024-01-28,-1.54
2024-01-29,-1.3825
2024-01-30,-1.6339
2024-01-31,-0.6405
2024-02-01,-1.33
2024-02-02,-0.1855
2024-02-03,-0.5683
2024-02-04,-0.489
2024-02-05,-0.0375
2024-02-06,-0.5327
2024-02-07,-0.3662
2024-02-08,-0.0819
2024-02-09,-0.2138
2024-02-10,-0.4779
2024-02-11,-1.2085
2024-02-12,-1.355
2024-02-13,0.1211
2024-02-14,-1.267
2024-02-15,0.4095
2024-02-16,1.3781
2024-02-17,0.5573
2024-02-18,1.7088
2024-02-19,1.5194
2024-02-20,0.4544
2024-02-21,0.3974
2024-02-22,0.4182
2024-02-23,-1.0035
2024-02-24,-0.129
2024-02-25,-1.5021
2024-02-26,-0.7505
2024-02-27,0.9075
2024-02-28,0.313
2024-02-29,-0.8359
2024-03-01,-0.1035
2024-03-02,-0.254
2024-03-03,-0.3696
2024-03-04,-2.4008
2024-03-05,-0.848
2024-03-06,-1.3167
2024-03-07,-1.5094
2024-03-08,-0.9028
2024-03-09,-1.0645
2024-03-10,-1.6432
2024-03-11,-1.946
2024-03-12,-0.5498
2024-03-13,-0.1445
2024-03-14,-1.5256
2024-03-15,-1.1624
2024-03-16,-1.1476
2024-03-17,-1.4528
2024-03-18,-1.7297
2024-03-19,-0.7821
2024-03-20,-1.5169
2024-03-21,-2.954
2024-03-22,-1.4246
2024-03-23,-0.2699
2024-03-24,-1.7184
2024-03-25,-0.2644
2024-03-26,-1.0419
2024-03-27,-0.482
2024-03-28,-0.8488
2024-03-29,-0.4682
2024-03-30,-1.0481
2024-03-31,0.2384
2024-04-01,-0.3576
2024-04-02,-1.1463
2024-04-03,0.1301
2024-04-04,0.1969
2024-04-05,-0.1392
2024-04-06,-0.4451
2024-04-07,-0.5512
2024-04-08,-0.6031
2024-04-09,-0.0087
2024-04-10,-0.7948
2024-04-11,-0.1856
2024-04-12,-0.7904
2024-04-13,0.1625
2024-04-14,-0.1798
2024-04-15,1.249
2024-04-16,-0.3038
2024-04-17,0.078
2024-04-18,-0.6549
2024-04-19,0.5731
2024-04-20,-0.1556
2024-04-21,-0.6907
2024-04-22,0.5272
2024-04-23,0.1004
2024-04-24,-0.1336
2024-04-25,2.1927
2024-04-26,1.3144
2024-04-27,-1.6095
2024-04-28,0.5959
2024-04-29,-0.6812
2024-04-30,1.2219
2024-05-01,0.5457
2024-05-02,1.1446
2024-05-03,-0.8301
2024-05-04,0.9774
2024-05-05,-0.4352
2024-05-06,1.1107
2024-05-07,0.0843
2024-05-08,1.2088
2024-05-09,-0.9303
2024-05-10,-0.447
2024-05-11,0.3598
2024-05-12,-0.3496
2024-05-13,-0.5978
2024-05-14,-0.0689
2024-05-15,0.0
2024-05-16,1.3479
2024-05-17,1.5161
2024-05-18,0.7444
2024-05-19,-0.8051
2024-05-20,0.3526
2024-05-21,-0.3109
2024-05-22,0.4225
2024-05-23,0.4492
2024-05-24,-0.4922
2024-05-25,-0.3948
2024-05-26,-1.6854
2024-05-27,-0.0071
2024-05-28,2.3954
2024-05-29,-0.9672
2024-05-30,-0.6682
2024-05-31,2.4237
2024-06-01,0.1022
2024-06-02,-0.8621
2024-06-03,0.7058
2024-06-04,-0.291
2024-06-05,-1.0012
2024-06-06,-0.3413
2024-06-07,-0.1466
2024-06-08,-0.3921
2024-06-09,0.8363
2024-06-10,0.9469
2024-06-11,0.6602
2024-06-12,0.8787
2024-06-13,-1.2412
2024-06-14,3.1115
2024-06-15,2.408
2024-06-16,-0.9043
2024-06-17,-1.2568
2024-06-18,0.0051
2024-06-19,0.205
2024-06-20,0.9234
2024-06-21,1.3347
2024-06-22,0.0544
2024-06-23,-1.3783
2024-06-24,-0.1919
2024-06-25,0.9907
2024-06-26,0.3269
2024-06-27,0.0021
2024-06-28,0.2741
2024-06-29,-0.1932
2024-06-30,0.4847
2024-07-01,1.5614
2024-07-02,0.3643
2024-07-03,0.4636
2024-07-04,0.3626
2024-07-05,1.9193
2024-07-06,0.5942
2024-07-07,-0.2301
2024-07-08,0.4007
2024-07-09,1.8392
2024-07-10,0.1884
2024-07-11,0.2289
2024-07-12,0.1745
2024-07-13,0.5198
2024-07-14,0.7879
2024-07-15,-0.1517
2024-07-16,-1.7162
2024-07-17,-0.3069
2024-07-18,1.3325
2024-07-19,-0.7315
2024-07-20,1.0671
2024-07-21,-1.0274
2024-07-22,0.0
2024-07-23,-0.2109
2024-07-24,0.6052
2024-07-25,0.5573
2024-07-26,2.0989
2024-07-27,1.5647
2024-07-28,1.4408
2024-07-29,-0.6722
2024-07-30,-1.4882
2024-07-31,-0.2179
2024-08-01,0.5583
2024-08-02,1.9627
2024-08-03,0.6542
2024-08-04,1.1938
2024-08-05,0.059
2024-08-06,1.1224
2024-08-07,0.1875
2024-08-08,-0.0859
2024-08-09,0.1648
2024-08-10,1.0203
2024-08-11,3.0065
2024-08-12,-1.2599
2024-08-13,0.8528
2024-08-14,1.8329
2024-08-15,0.9222
2024-08-16,-0.7215
2024-08-17,2.7733
2024-08-18,0.24
2024-08-19,-0.3805
2024-08-20,0.0
2024-08-21,1.6156
2024-08-22,-0.5713
2024-08-23,-0.8971
2024-08-24,0.1643
2024-08-25,1.1161
2024-08-26,-1.5894
2024-08-27,0.3198
2024-08-28,-0.7017
2024-08-29,0.1335
2024-08-30,-2.5111
2024-08-31,2.2799
2024-09-01,-0.8
2024-09-02,1.1127
2024-09-03,0.9269
2024-09-04,1.062
2024-09-05,1.1569
2024-09-06,0.7444
2024-09-07,0.4442
2024-09-08,1.1607
2024-09-09,0.2532
2024-09-10,0.5779
2024-09-11,1.6224
2024-09-12,0.3733
2024-09-13,2.0405
2024-09-14,-0.8245
2024-09-15,0.0
2024-09-16,2.2623
2024-09-17,3.4771
2024-09-18,1.3138
2024-09-19,0.3055
2024-09-20,1.0438
2024-09-21,2.1164
2024-09-22,0.0257
2024-09-23,0.8333
2024-09-24,1.4225
2024-09-25,1.2405
2024-09-26,1.3804
2024-09-27,0.5704
2024-09-28,1.094
2024-09-29,-0.6308
2024-09-30,1.2607
2024-10-01,1.86
2024-10-02,1.2146
2024-10-03,2.0186
2024-10-04,0.9581
2024-10-05,-0.6248
2024-10-06,0.0
2024-10-07,-0.4111
2024-10-08,-0.4008
2024-10-09,0.1242
2024-10-10,-1.5993
2024-10-11,-2.025
2024-10-12,1.067
2024-10-13,0.6601
2024-10-14,1.0312
2024-10-15,0.4797
2024-10-16,2.1625
2024-10-17,0.8179
2024-10-18,0.9753
2024-10-19,0.5358
2024-10-20,1.5386
2024-10-21,-0.3194
2024-10-22,-0.1264
2024-10-23,0.5185
2024-10-24,-0.1572
2024-10-25,-0.6993
2024-10-26,-1.5565
2024-10-27,0.8332
2024-10-28,-1.0433
2024-10-29,-0.5669
2024-10-30,-0.6801
2024-10-31,0.5945
2024-11-01,-0.1722
2024-11-02,-0.9976
2024-11-03,-1.7483
2024-11-04,-0.6649
2024-11-05,0.0639
2024-11-06,-1.8476
2024-11-07,-2.1123
2024-11-08,-1.8334
2024-11-09,-1.319
2024-11-10,-2.3602
2024-11-11,-0.4551
2024-11-12,0.244
2024-11-13,0.1278
2024-11-14,-0.1724
2024-11-15,1.1517
2024-11-16,0.7077
2024-11-17,-0.6291
2024-11-18,-0.9942
2024-11-19,-1.1181
2024-11-20,-0.2884
2024-11-21,0.9475
2024-11-22,-0.1938
2024-11-23,-0.3991
2024-11-24,-0.3122
2024-11-25,0.1817
2024-11-26,-1.1834
2024-11-27,0.5048
2024-11-28,-0.9705
2024-11-29,-1.4825
2024-11-30,-0.821
2024-12-01,-2.0628
2024-12-02,-0.557
2024-12-03,-0.1984
2024-12-04,0.5443
2024-12-05,-1.1754
2024-12-06,-2.4421
2024-12-07,-1.0358
2024-12-08,-2.2085
2024-12-09,-1.3238
2024-12-10,-0.4176
2024-12-11,0.4953
2024-12-12,-0.0511
2024-12-13,-3.4223
2024-12-14,0.5546
2024-12-15,0.4418
2024-12-16,-0.4422
2024-12-17,0.703
2024-12-18,0.8769
2024-12-19,-1.8372
2024-12-20,-0.4306
2024-12-21,0.0008
2024-12-22,1.2906
2024-12-23,-0.8205
2024-12-24,-2.069
2024-12-25,-0.6383
2024-12-26,-1.6014
2024-12-27,-0.3808
2024-12-28,0.2981
2024-12-29,-1.6642
2024-12-30,-1.8488
2024-12-31,-0.608
2025-01-01,-0.5959
2025-01-02,0.7444
2025-01-03,-1.0635
2025-01-04,-1.0741
2025-01-05,-1.0125
2025-01-06,-0.8976
2025-01-07,-1.3597
2025-01-08,-1.0377
2025-01-09,0.694
2025-01-10,-0.4502
2025-01-11,-3.8366
2025-01-12,-3.8845
2025-01-13,-0.9944
2025-01-14,-0.4277
2025-01-15,-1.2366
2025-01-16,-1.7224
2025-01-17,0.7657
2025-01-18,-1.0135
2025-01-19,-0.9851
2025-01-20,-0.6463
2025-01-21,-1.6989
2025-01-22,-0.4756
2025-01-23,-0.8585
2025-01-24,-0.2553
2025-01-25,-0.962
2025-01-26,-0.5319
2025-01-27,-1.3926
2025-01-28,-0.3617
2025-01-29,-0.4287
2025-01-30,-0.9063
2025-01-31,0.2422
2025-02-01,-1.1692
2025-02-02,-0.4882
2025-02-03,2.6541
2025-02-04,-0.6055
2025-02-05,-0.5326
2025-02-06,0.1343
2025-02-07,-1.1357
2025-02-08,-0.4577
2025-02-09,-0.2646
2025-02-10,-0.0682
2025-02-11,0.6494
2025-02-12,0.4149
2025-02-13,-0.8512
2025-02-14,1.367
2025-02-15,2.7751
2025-02-16,-0.1745
2025-02-17,1.6298
2025-02-18,1.3081
2025-02-19,0.526
2025-02-20,1.246
2025-02-21,0.3912
2025-02-22,0.8733
2025-02-23,-0.0119
2025-02-24,0.1108
2025-02-25,-1.3203
2025-02-26,0.1763
2025-02-27,0.0718
2025-02-28,0.4533
2025-03-01,-1.6581
2025-03-02,0.3689
2025-03-03,-0.8443
2025-03-04,-0.4616
2025-03-05,-1.53
2025-03-06,1.0679
2025-03-07,-0.2564
2025-03-08,-1.2382
2025-03-09,-0.633
2025-03-10,-1.4518
2025-03-11,-1.6458
2025-03-12,0.2393
2025-03-13,0.48
2025-03-14,0.0349
2025-03-15,-1.2408
2025-03-16,-0.0979
2025-03-17,-0.1905
2025-03-18,-1.4023
2025-03-19,-0.6421
2025-03-20,-0.9468
2025-03-21,0.8234
2025-03-22,0.3495
2025-03-23,-0.6345
2025-03-24,-0.0849
2025-03-25,-0.0022
2025-03-26,0.2947
2025-03-27,-0.2197
2025-03-28,-3.1966
2025-03-29,-1.5919
2025-03-30,-0.714
2025-03-31,0.4334
2025-04-01,-1.6414
2025-04-02,-0.9154
2025-04-03,-0.5863
2025-04-04,0.3145
2025-04-05,0.0116
2025-04-06,-1.1238
2025-04-07,-0.4589
2025-04-08,-0.7062
2025-04-09,0.1897
2025-04-10,0.0822
2025-04-11,0.0054
2025-04-12,-0.0649
2025-04-13,-0.02
2025-04-14,0.5877
2025-04-15,1.3158
2025-04-16,1.9843
2025-04-17,-0.0594
2025-04-18,0.6509
2025-04-19,-1.0907
2025-04-20,0.4083
2025-04-21,0.0629
2025-04-22,-0.2591
2025-04-23,1.0429
2025-04-24,1.5636
2025-04-25,0.7746
2025-04-26,-0.1729
2025-04-27,1.5723
2025-04-28,1.6465
2025-04-29,1.0012
2025-04-30,0.408
2025-05-01,0.5906
2025-05-02,1.0841
2025-05-03,0.0
2025-05-04,-0.4336
2025-05-05,-0.1463
2025-05-06,0.623
2025-05-07,-0.77
2025-05-08,0.6486
2025-05-09,0.5589
2025-05-10,0.2878
2025-05-11,0.3201
2025-05-12,-1.1809
2025-05-13,0.1824
2025-05-14,-0.6536
2025-05-15,0.7508
2025-05-16,0.113
2025-05-17,1.3817
2025-05-18,-0.476
2025-05-19,1.427
2025-05-20,0.3113
2025-05-21,-0.7708
2025-05-22,0.4228
2025-05-23,-0.2881
2025-05-24,1.5717
2025-05-25,0.6441
2025-05-26,0.1098
2025-05-27,-0.2039
2025-05-28,2.3054
2025-05-29,-0.2216
2025-05-30,1.1393
2025-05-31,0.9168
2025-06-01,0.2314
2025-06-02,0.6613
2025-06-03,0.1265
2025-06-04,0.3749
2025-06-05,-0.6482
2025-06-06,-0.0988
2025-06-07,0.0002
2025-06-08,-0.5707
2025-06-09,1.1644
2025-06-10,0.67
2025-06-11,-0.3241
2025-06-12,-0.8707
2025-06-13,-1.6134
2025-06-14,0.5034
2025-07-02,-0.7293
2025-07-03,0.0436
2025-07-04,0.6024
2025-07-05,2.3923
2025-07-06,0.1932
2025-07-07,0.3629
2025-07-08,0.8129
2025-07-09,0.4817
2025-07-10,1.2296
2025-07-11,1.3784
2025-07-12,1.0927
2025-07-13,-0.0405
2025-07-14,0.7941
2025-07-15,0.4027
2025-07-16,8.3876
2025-07-17,-0.5458
2025-07-18,-0.7045
2025-07-19,-1.2061
2025-07-20,-0.8142
2025-07-21,0.0124
2025-07-22,0.04
2025-07-23,-0.566
2025-07-24,-0.17
2025-07-25,4.7794
2025-07-26,-0.5844
2025-07-27,-0.7535
2025-07-28,-0.0208
2025-07-29,0.3286
2025-07-30,-1.062
2025-07-31,-0.5675
2025-08-01,-0.5343
2025-08-02,-0.3584
2025-08-03,0.5577
2025-08-04,0.2453
2025-08-05,0.1738
2025-08-06,-0.4162
2025-08-07,0.1027
2025-08-08,0.7234
2025-08-09,0.436
2025-08-10,0.1207
2025-08-11,0.1612
2025-08-12,0.2656
2025-08-13,0.7095
2025-08-14,0.4411
2025-08-15,1.5236
2025-08-16,0.4585
2025-08-17,1.1263
2025-08-18,1.2828
2025-08-19,0.5723
2025-08-20,1.3803
2025-08-21,-0.2081
2025-08-22,0.195
2025-08-23,0.5
2025-08-24,0.8999
2025-08-25,0.2653
2025-08-26,0.906
2025-08-27,0.2285
2025-08-28,0.5026
2025-08-29,-0.0765
2025-08-30,-0.5966
2025-08-31,1.6316
2025-09-01,0.7593
2025-09-02,-0.4577
2025-09-03,0.3287
2025-09-04,0.5101
2025-09-05,0.8145
2025-09-06,0.033
2025-09-07,1.8359
2025-09-08,3.0296
2025-09-09,0.8511
2025-09-10,1.4052
2025-09-11,1.5219
2025-09-12,-0.7745
2025-09-13,1.504
2025-09-14,0.7851
2025-09-15,2.2909
2025-09-16,-0.0394
2025-09-17,-0.0714
2025-09-18,0.5742
2025-09-19,0.1862
2025-09-20,0.3086
2025-09-21,1.2234
2025-09-22,1.0863
2025-09-23,0.2083
2025-09-24,2.3194
2025-09-25,0.4815
2025-09-26,-0.3115
2025-09-27,-0.0292
2025-09-28,0.3408
2025-09-29,1.9949
2025-09-30,1.1854
2025-10-01,-0.4285
2025-10-02,0.7399
2025-10-03,1.7663
2025-10-04,0.2646
2025-10-05,1.9165
2025-10-06,0.1936
2025-10-07,1.0565
2025-10-08,2.965
2025-10-09,1.2078
2025-10-10,0.2569
2025-10-11,0.0
2025-10-12,0.8131
2025-10-13,1.6184
2025-10-14,1.0722
2025-10-15,2.4285
2025-10-16,0.8149
2025-10-17,0.5299
2025-10-18,-0.3188
2025-10-19,-0.4816
2025-10-20,0.3236
2025-10-21,0.3715
2025-10-22,0.7097
2025-10-23,-0.5593
2025-10-24,-1.0143
2025-10-25,-0.5344
2025-10-26,-0.0487
2025-10-27,0.0016
2025-10-28,-0.9302
2025-10-29,-1.1226
2025-10-30,-1.3867
2025-10-31,-1.9245
2025-11-01,-1.593
2025-11-02,-1.3337
2025-11-03,-1.4802
2025-11-04,-0.9517
2025-11-05,-2.7228
2025-11-06,0.1376
2025-11-07,-0.5873
2025-11-08,-0.9505
2025-11-09,-1.7939
2025-11-10,0.9782
2025-11-11,-0.0572
2025-11-12,0.0757
2025-11-13,-0.1429
2025-11-14,-0.2258
2025-11-15,-0.3081
2025-11-16,-0.2665
2025-11-17,0.1781
2025-11-18,-0.4813
2025-11-19,-0.5636
2025-11-20,-0.1805
2025-11-21,-0.4846
2025-11-22,-2.8049
2025-11-23,-0.5825
2025-11-24,-0.4083
2025-11-25,0.3257
2025-11-26,0.1782
2025-11-27,-0.2681
2025-11-28,-1.4294
2025-11-29,-1.1989
2025-11-30,-0.4703
2025-12-01,-1.1233
2025-12-02,-0.2558
2025-12-03,-0.3792
2025-12-04,-0.2255
2025-12-05,-0.8761
2025-12-06,0.0
2025-12-07,-0.0209
2025-12-08,0.3211
2025-12-09,-1.0762
2025-12-10,-0.4811
2025-12-11,-0.7715
2025-12-12,-0.7329
2025-12-13,-0.2748
2025-12-14,-0.3706
2025-12-15,-1.3794
2025-12-16,0.9731
2025-12-17,0.8717
2025-12-18,-1.8841
2025-12-19,0.0968
2025-12-20,-1.2002
2025-12-21,-0.1644
2025-12-22,-0.6962
2025-12-23,-0.9039
2025-12-24,-0.2737
2025-12-25,-0.0573
2025-12-26,-0.9928
2025-12-27,-1.6832
2025-12-28,-0.5171
2025-12-29,-1.1896
2025-12-30,-1.2086
2025-12-31,-0.4117
2026-01-01,-1.0794
2026-01-02,-0.3791
2026-01-03,-0.9047
2026-01-04,-0.5074
2026-01-05,-0.1358
2026-01-06,-0.0627
2026-01-07,0.0847
2026-01-08,0.7055
2026-01-09,0.9241
2026-01-10,-0.4473
2026-01-11,0.0913
2026-01-12,0.1494
2026-01-13,0.1304
2026-01-14,-0.4736
2026-01-15,0.2802
2026-01-16,-0.3595
2026-01-17,-0.571
2026-01-18,-0.6247
2026-01-19,-0.9244
2026-01-20,-0.1286
2026-01-21,1.1206
2026-01-22,-1.287
2026-01-23,-1.5784
2026-01-24,-2.9509
2026-01-25,-2.3189
2026-01-26,-1.5881
2026-01-27,-1.3374
2026-01-28,-1.6427
2026-01-29,-0.41
2026-01-30,-1.672
2026-01-31,-0.8259
2026-02-01,-0.5483
2026-02-02,-0.2266
2026-02-03,-0.4925
2026-02-04,-0.1333
2026-02-05,0.0459
2026-02-06,-0.6529
2026-02-07,-0.3791
2026-02-08,-0.1256
2026-02-09,-0.478
2026-02-10,-0.4159
2026-02-11,-3.2391
2026-02-12,-0.234
2026-02-13,1.5539
2026-02-14,2.5527
2026-02-15,1.3151
2026-02-16,2.9131
2026-02-17,-0.3025
2026-02-18,1.6016
2026-02-19,-0.3382
2026-02-20,0.4572
2026-02-21,-1.2634
2026-02-22,-0.1885
2026-02-23,-0.765
2026-02-24,-0.4797
2026-02-25,0.8649
2026-02-26,2.1864
2026-02-27,2.0066
2026-02-28,0.0
2026-03-01,-0.0123
2026-03-02,-0.8732
2026-03-03,0.1455
2026-03-04,-0.9639
2026-03-05,-1.8166
2026-03-06,0.694
2026-03-07,-1.5942
2026-03-08,-1.4172
2026-03-09,-0.8635
2026-03-10,-0.3985
2026-03-11,-0.3537
2026-03-12,-1.7533
2026-03-13,-0.7592
2026-03-14,-0.8176
2026-03-15,-0.3164
2026-03-16,-1.0597
2026-03-17,-0.0699
2026-03-18,-1.6545
2026-03-19,-1.1719
2026-03-20,-0.4265
2026-03-21,-0.5334
2026-03-22,-0.573
2026-03-23,-0.6504
2026-03-24,-0.7664
2026-03-25,-0.8321
2026-03-26,-0.5789
2026-03-27,-0.1298
2026-03-28,-1.0916
2026-03-29,-0.8238
2026-03-30,-0.4015
2026-03-31,1.1974
2026-04-01,1.0647
2026-04-02,-1.1557
2026-04-03,-0.963
2026-04-04,0.2204
2026-04-05,-0.627
2026-04-06,-0.9879
2026-04-07,-0.1873
2026-04-08,-0.9865
2026-04-09,-0.521
2026-04-10,0.5733
2026-04-11,0.0491
2026-04-12,-0.3179
2026-04-13,0.2881
2026-04-14,0.4295
2026-04-15,-0.1621
2026-04-16,0.5116
2026-04-17,0.1995
2026-04-18,-0.0272
2026-04-19,-0.1493
2026-04-20,0.5955
2026-04-21,-0.5973
2026-04-22,-0.2717
2026-04-23,-1.3525
2026-04-24,-1.259
2026-04-25,3.2715
2026-04-26,0.1304
2026-04-27,-2.7144
2026-04-28,0.6123
2026-04-29,-0.5957
2026-04-30,-0.0788
2026-05-01,-0.263
2026-05-02,-2.0205
2026-05-03,0.4903
2026-05-04,-0.0584
2026-05-05,0.6365
2026-05-06,1.8065
2026-05-07,0.6453
2026-05-08,-0.5663
2026-05-09,-0.9489
2026-05-10,0.2763
2026-05-11,0.1601
2026-05-12,1.0673
2026-05-13,0.6558
2026-05-14,1.2833
2026-05-15,2.3434
2026-05-16,0.4124
2026-05-17,-0.4934
2026-05-18,0.4341
2026-05-19,0.1438
2026-05-20,-2.8951
2026-05-21,-0.3091
2026-05-22,-1.3137
2026-05-23,-0.2726
2026-05-24,0.0908
2026-05-25,1.9323
2026-05-26,0.2445
2026-05-27,0.4874
2026-05-28,1.0411
2026-05-29,0.9979
2026-05-30,0.6993
2026-05-31,0.0
2026-06-01,0.312
2026-06-02,-0.1291
2026-06-03,0.9255
2026-06-04,0.9431
2026-06-05,0.9011
2026-06-06,-0.2486
2026-06-07,0.3268
2026-06-08,0.7002
2026-06-09,0.0563
2026-06-10,0.2295
2026-06-11,0.5536
2026-06-12,0.7306
2026-06-13,0.6187
2026-06-14,1.7657
2026-06-15,-0.8406
2026-06-16,0.6177
2026-06-17,0.7613
2026-06-18,1.8699
2026-06-19,-0.92
2026-06-20,-0.3509
2026-06-21,0.2189
2026-06-22,0.1439
2026-06-23,0.2008
2026-06-24,-0.0203
2026-06-25,0.2851
2026-06-26,-0.0788
2026-06-27,-0.2563
2026-06-28,0.2387
2026-06-29,0.6392
2026-06-30,0.6756
2026-07-05,-1.8931
2026-07-06,-0.4742
2026-07-07,0.7081
2026-07-08,5.5419
2026-07-09,1.4485
2026-07-10,0.3462
2026-07-11,0.4191
2026-07-12,0.5039
2026-07-13,-0.0606
2026-07-14,-1.5713
2026-07-15,0.4922
2026-07-16,-1.0647
2026-07-17,-1.6163
2026-07-18,-0.1671
2026-07-19,-0.0836
2026-07-20,-0.3804
2026-07-21,-0.6917
2026-07-22,-0.8112
2026-07-23,-0.2422
2026-07-24,-0.369
2026-07-25,1.8318
2026-07-26,-1.1547
2026-07-27,-0.1937
2026-07-28,-0.0947
2026-07-29,0.1322
2026-07-30,-0.7993
2026-07-31,-0.8051
2026-08-01,0.1661
2026-08-02,3.8171
2026-08-03,-0.4121
2026-08-04,0.9306
2026-08-05,2.0343
2026-08-06,0.8294
2026-08-07,0.1263
2026-08-08,2.4772
2026-08-09,-1.5486
2026-08-10,0.1309
2026-08-11,1.3184
2026-08-12,0.6277
2026-08-13,1.6986
2026-08-14,1.2347
2026-08-15,-0.1793
2026-08-16,0.1438
2026-08-17,2.5222
2026-08-18,0.2903
2026-08-19,1.8273
2026-08-20,1.0536
2026-08-21,0.0324
2026-08-22,0.0
2026-08-23,2.0599
2026-08-24,-0.4337
2026-08-25,1.1269
2026-08-26,1.8883
2026-08-27,2.6177
2026-08-28,-2.3037
2026-08-29,-0.6259
2026-08-30,-0.7663
2026-08-31,0.8068
2026-09-01,1.0979
2026-09-02,3.6264
2026-09-03,1.8446
2026-09-04,1.0111
2026-09-05,0.1383
2026-09-06,1.7556
2026-09-07,2.0408
2026-09-08,-0.7813
2026-09-09,2.4481
2026-09-10,1.4788
2026-09-11,0.5416
2026-09-12,0.5662
2026-09-13,-1.6611
2026-09-20,0.6438
