date,views
2023-06-19,20
2023-06-20,26
2023-06-21,10
2023-06-22,2
2023-06-23,34
2023-06-24,34
2023-06-25,27
2023-06-26,26
2023-06-27,24
2023-06-28,36
2023-06-29,48
2023-06-30,42
2023-07-01,28
2023-07-02,33
2023-07-03,37
2023-07-04,27
2023-07-05,16
2023-07-06,17
2023-07-07,18
2023-07-08,35
2023-07-09,53
2023-07-10,50
2023-07-11,47
2023-07-12,23
2023-07-13,28
2023-07-14,32
2023-07-15,20
2023-07-16,23
2023-07-17,20
2023-07-18,22
2023-07-19,30
2023-07-20,40
2023-07-21,27
2023-07-22,29
2023-07-23,46
2023-07-24,36
2023-07-25,35
2023-07-26,28
2023-07-27,22
2023-07-28,27
2023-07-29,20
2023-07-30,22
2023-07-31,38
2023-08-01,27
2023-08-02,49
2023-08-03,28
2023-08-04,32
2023-08-05,35
2023-08-06,24
2023-08-07,38
2023-08-08,36
2023-08-09,36
2023-08-10,34
2023-08-11,32
2023-08-12,19
2023-08-13,18
2023-08-14,28
2023-08-15,23
2023-08-16,19
2023-08-17,15
2023-08-18,17
2023-08-19,17
2023-08-20,13
2023-08-21,18
2023-08-22,30
2023-08-23,17
2023-08-24,16
2023-08-25,5
2023-08-26,28
2023-08-27,20
2023-08-28,26
2023-08-29,15
2023-08-30,15
2023-08-31,15
2023-09-01,25
2023-09-02,15
2023-09-03,18
2023-09-04,8
2023-09-05,13
2023-09-06,8
2023-09-07,17
2023-09-08,20
2023-09-09,30
2023-09-10,32
2023-09-11,35
2023-09-12,37
2023-09-13,20
2023-09-14,23
2023-09-15,14
2023-09-16,23
2023-09-17,15
2023-09-18,18
2023-09-19,23
2023-09-20,19
2023-09-21,28
2023-09-22,32
2023-09-23,31
2023-09-24,48
2023-09-25,27
2023-09-26,29
2023-09-27,33
2023-09-28,28
2023-09-29,29
2023-09-30,39
2023-10-01,31
2023-10-02,32
2023-10-03,39
2023-10-04,25
2023-10-05,33
2023-10-06,31
2023-10-07,26
2023-10-08,27
2023-10-09,46
2023-10-10,35
2023-10-11,45
2023-10-12,46
2023-10-13,48
2023-10-14,46
2023-10-15,36
2023-10-16,53
2023-10-17,54
2023-10-18,46
2023-10-19,47
2023-10-20,34
2023-10-21,54
2023-10-22,46
2023-10-23,31
2023-10-24,74
2023-10-25,80
2023-10-26,64
2023-10-27,59
2023-10-28,46
2023-10-29,48
2023-10-30,86
2023-10-31,66
2023-11-01,70
2023-11-02,70
2023-11-03,71
2023-11-04,75
2023-11-05,81
2023-11-06,206
2023-11-07,425
2023-11-08,128
2023-11-09,72
2023-11-10,76
2023-11-11,308
2023-11-12,167
2023-11-13,118
2023-11-14,101
2023-11-15,206
2023-11-16,65
2023-11-17,137
2023-11-18,102
2023-11-19,267
2023-11-20,147
2023-11-21,318
2023-11-22,101
2023-11-23,98
2023-11-24,93
2023-11-25,87
2023-11-26,80
2023-11-27,106
2023-11-28,136
2023-11-29,96
2023-11-30,136
2023-12-01,140
2023-12-02,355
2023-12-03,87
2023-12-04,123
2023-12-05,143
2023-12-06,778
2023-12-07,95
2023-12-08,62
2023-12-09,109
2023-12-10,89
2023-12-11,80
2023-12-12,67
2023-12-13,49
2023-12-14,37
2023-12-15,49
2023-12-16,226
2023-12-17,55
2023-12-18,78
2023-12-19,33
2023-12-20,36
2023-12-21,79
2023-12-22,40
2023-12-23,54
2023-12-24,243
2023-12-25,75
2023-12-26,50
2023-12-27,60
2023-12-28,49
2023-12-29,36
2023-12-30,38
2023-12-31,40
2024-01-01,33
2024-01-02,50
2024-01-03,210
2024-01-04,43
2024-01-05,80
2024-01-06,287
2024-01-07,60
2024-01-08,58
2024-01-09,49
2024-01-10,59
2024-01-11,162
2024-01-12,55
2024-01-13,52
2024-01-14,227
2024-01-15,92
2024-01-16,71
2024-01-17,47
2024-01-18,198
2024-01-19,66
2024-01-20,67
2024-01-21,171
2024-01-22,54
2024-01-23,61
2024-01-24,58
2024-01-25,63
2024-01-26,45
2024-01-27,50
2024-01-28,208
2024-01-29,88
2024-01-30,84
2024-01-31,47
2024-02-01,589
2024-02-02,101
2024-02-03,902
2024-02-04,282
2024-02-05,121
2024-02-06,111
2024-02-07,200
2024-02-08,69
2024-02-09,51
2024-02-10,213
2024-02-11,115
2024-02-12,75
2024-02-13,100
2024-02-14,67
2024-02-15,112
2024-02-16,59
2024-02-17,271
2024-02-18,129
2024-02-19,86
2024-02-20,137
2024-02-21,197
2024-02-22,104
2024-02-23,76
2024-02-24,70
2024-02-25,354
2024-02-26,93
2024-02-27,69
2024-02-28,59
2024-02-29,54
2024-03-01,46
2024-03-02,61
2024-03-03,455
2024-03-04,243
2024-03-05,125
2024-03-06,78
2024-03-07,181
2024-03-08,65
2024-03-09,80
2024-03-10,446
2024-03-11,136
2024-03-12,93
2024-03-13,120
2024-03-14,237
2024-03-15,445
2024-03-16,318
2024-03-17,347
2024-03-18,293
2024-03-19,233
2024-03-20,196
2024-03-21,174
2024-03-22,401
2024-03-23,201
2024-03-24,238
2024-03-25,716
2024-03-26,241
2024-03-27,206
2024-03-28,352
2024-03-29,2072
2024-03-30,918
2024-03-31,2303
2024-04-01,639
2024-04-02,542
2024-04-03,325
2024-04-04,300
2024-04-05,288
2024-04-06,306
2024-04-07,12939
2024-04-08,1456
2024-04-09,13441
2024-04-10,1624
2024-04-11,798
2024-04-12,601
2024-04-13,522
2024-04-14,332
2024-04-15,287
2024-04-16,227
2024-04-17,220
2024-04-18,213
2024-04-19,1173
2024-04-20,499
2024-04-21,241
2024-04-22,217
2024-04-23,156
2024-04-24,159
2024-04-25,147
2024-04-26,133
2024-04-27,97
2024-04-28,109
2024-04-29,155
2024-04-30,163
2024-05-01,143
2024-05-02,124
2024-05-03,121
2024-05-04,157
2024-05-05,128
2024-05-06,177
2024-05-07,152
2024-05-08,124
2024-05-09,151
2024-05-10,149
2024-05-11,124
2024-05-12,1075
2024-05-13,1374
2024-05-14,864
2024-05-15,623
2024-05-16,413
2024-05-17,412
2024-05-18,312
2024-05-19,297
2024-05-20,361
2024-05-21,519
2024-05-22,548
2024-05-23,315
2024-05-24,312
2024-05-25,239
2024-05-26,234
2024-05-27,166
2024-05-28,197
2024-05-29,250
2024-05-30,232
2024-05-31,239
2024-06-01,245
2024-06-02,252
2024-06-03,205
2024-06-04,287
2024-06-05,288
2024-06-06,517
2024-06-07,338
2024-06-08,260
2024-06-09,219
2024-06-10,563
2024-06-11,501
2024-06-12,273
2024-06-13,209
2024-06-14,239
2024-06-15,198
2024-06-16,168
2024-06-17,255
2024-06-18,293
2024-06-19,396
2024-06-20,557
2024-06-21,527
2024-06-22,501
2024-06-23,446
2024-06-24,988
2024-06-25,1163
2024-06-26,2921
2024-06-27,74004
2024-06-28,14013
2024-06-29,6366
2024-06-30,4497
2024-07-01,5867
2024-07-02,3155
2024-07-03,2494
2024-07-04,2027
2024-07-05,1515
2024-07-06,1341
2024-07-07,2587
2024-07-08,1950
2024-07-09,1588
2024-07-10,2020
2024-07-11,940
2024-07-12,930
2024-07-13,1447
2024-07-14,2624
2024-07-15,1757
2024-07-16,1064
2024-07-17,1378
2024-07-18,898
2024-07-19,968
2024-07-20,723
2024-07-21,630
2024-07-22,747
2024-07-23,715
2024-07-24,504
2024-07-25,428
2024-07-26,423
2024-07-27,391
2024-07-28,345
2024-07-29,299
2024-07-30,284
2024-07-31,351
2024-08-01,277
2024-08-02,241
2024-08-03,254
2024-08-04,222
2024-08-05,237
2024-08-06,247
2024-08-07,216
2024-08-08,279
2024-08-09,242
2024-08-10,334
2024-08-11,380
2024-08-12,307
2024-08-13,345
2024-08-14,362
2024-08-15,300
2024-08-16,290
2024-08-17,260
2024-08-18,272
2024-08-19,264
2024-08-20,278
2024-08-21,272
2024-08-22,238
2024-08-23,270
2024-08-24,228
2024-08-25,213
2024-08-26,273
2024-08-27,305
2024-08-28,264
2024-08-29,249
2024-08-30,212
2024-08-31,253
2024-09-01,240
2024-09-02,226
2024-09-03,233
2024-09-04,225
2024-09-05,257
2024-09-06,265
2024-09-07,258
2024-09-08,236
2024-09-09,246
2024-09-10,253
2024-09-11,287
2024-09-12,255
2024-09-13,243
2024-09-14,234
2024-09-15,278
2024-09-16,292
2024-09-17,261
2024-09-18,236
2024-09-19,262
2024-09-20,209
2024-09-21,226
2024-09-22,237
2024-09-23,259
2024-09-24,292
2024-09-25,305
2024-09-26,267
2024-09-27,272
2024-09-28,352
2024-09-29,319
2024-09-30,471
2024-10-01,542
2024-10-02,433
2024-10-03,433
2024-10-04,432
2024-10-05,746
2024-10-06,452
2024-10-07,644
2024-10-08,1909
2024-10-09,921
2024-10-10,2362
2024-10-11,940
2024-10-12,704
2024-10-13,1456
2024-10-14,714
2024-10-15,812
2024-10-16,893
2024-10-17,603
2024-10-18,1210
2024-10-19,791
2024-10-20,694
2024-10-21,728
2024-10-22,855
2024-10-23,1047
2024-10-24,1296
2024-10-25,2416
2024-10-26,704
2024-10-27,1615
2024-10-28,696
2024-10-29,690
2024-10-30,594
2024-10-31,788
2024-11-01,887
2024-11-02,531
2024-11-03,842
2024-11-04,479
2024-11-05,741
2024-11-06,402
2024-11-07,812
2024-11-08,1239
2024-11-09,1072
2024-11-10,1811
2024-11-11,592
2024-11-12,1554
2024-11-13,681
2024-11-14,1261
2024-11-15,508
2024-11-16,6705
2024-11-17,1457
2024-11-18,618
2024-11-19,621
2024-11-20,3974
2024-11-21,1120
2024-11-22,2235
2024-11-23,1213
2024-11-24,4355
2024-11-25,1435
2024-11-26,1065
2024-11-27,3465
2024-11-28,1769
2024-11-29,734
2024-11-30,626
2024-12-01,544
2024-12-02,792
2024-12-03,606
2024-12-04,830
2024-12-05,576
2024-12-06,554
2024-12-07,439
2024-12-08,336
2024-12-09,1041
2024-12-10,706
2024-12-11,605
2024-12-12,537
2024-12-13,359
2024-12-14,477
2024-12-15,518
2024-12-16,468
2024-12-17,437
2024-12-18,545
2024-12-19,1112
2024-12-20,655
2024-12-21,384
2024-12-22,529
2024-12-23,488
2024-12-24,964
2024-12-25,2768
2024-12-26,983
2024-12-27,748
2024-12-28,683
2024-12-29,413
2024-12-30,497
2024-12-31,288
2025-01-01,726
2025-01-02,532
2025-01-03,390
2025-01-04,853
2025-01-05,732
2025-01-06,409
2025-01-07,575
2025-01-08,448
2025-01-09,793
2025-01-10,337
2025-01-11,313
2025-01-12,274
2025-01-13,311
2025-01-14,1206
2025-01-15,540
2025-01-16,981
2025-01-17,452
2025-01-18,1556
2025-01-19,578
2025-01-20,638
2025-01-21,656
2025-01-22,603
2025-01-23,993
2025-01-24,993
2025-01-25,1556
2025-01-26,818
2025-01-27,812
2025-01-28,1132
2025-01-29,2215
2025-01-30,1698
2025-01-31,1996
2025-02-01,2617
2025-02-02,1628
2025-02-03,7406
2025-02-04,3669
2025-02-05,2358
2025-02-06,5866
2025-02-07,2068
2025-02-08,5539
2025-02-09,2155
2025-02-10,1026
2025-02-11,1491
2025-02-12,1635
2025-02-13,2998
2025-02-14,1678
2025-02-15,12363
2025-02-16,21338
2025-02-17,8246
2025-02-18,3020
2025-02-19,2055
2025-02-20,1616
2025-02-21,2191
2025-02-22,1333
2025-02-23,1092
2025-02-24,1000
2025-02-25,713
2025-02-26,774
2025-02-27,1261
2025-02-28,653
2025-03-01,619
2025-03-02,1286
2025-03-03,5370
2025-03-04,1824
2025-03-05,1573
2025-03-06,882
2025-03-07,1013
2025-03-08,1853
2025-03-09,1264
2025-03-10,1535
2025-03-11,1207
2025-03-12,820
2025-03-13,1867
2025-03-14,1173
2025-03-15,1917
2025-03-16,989
2025-03-17,919
2025-03-18,2579
2025-03-19,1774
2025-03-20,1723
2025-03-21,1009
2025-03-22,2017
2025-03-23,2473
2025-03-24,2891
2025-03-25,1262
2025-03-26,983
2025-03-27,853
2025-03-28,1522
2025-03-29,959
2025-03-30,1707
2025-03-31,1220
2025-04-01,906
2025-04-02,990
2025-04-03,1068
2025-04-04,700
2025-04-05,1139
2025-04-06,1022
2025-04-07,1240
2025-04-08,1457
2025-04-09,1426
2025-04-10,2366
2025-04-11,1403
2025-04-12,981
2025-04-13,993
2025-04-14,1165
2025-04-15,1019
2025-04-16,1281
2025-04-17,784
2025-04-18,694
2025-04-19,994
2025-04-20,869
2025-04-21,1431
2025-04-22,913
2025-04-23,869
2025-04-24,773
2025-04-25,697
2025-04-26,526
2025-04-27,623
2025-04-28,525
2025-04-29,6488
2025-04-30,19339
2025-05-01,10038
2025-05-02,4495
2025-05-03,2386
2025-05-04,1832
2025-05-05,2417
2025-05-06,1999
2025-05-07,1322
2025-05-08,1102
2025-05-09,933
2025-05-10,1120
2025-05-11,1022
2025-05-12,2954
2025-05-13,9783
2025-05-14,4062
2025-05-15,2652
2025-05-16,1866
2025-05-17,1617
2025-05-18,1496
2025-05-19,1478
2025-05-20,3286
2025-05-21,3616
2025-05-22,2117
2025-05-23,1831
2025-05-24,1707
2025-05-25,1516
2025-05-26,1241
2025-05-27,1508
2025-05-28,1266
2025-05-29,1444
2025-05-30,1249
2025-05-31,1059
2025-06-01,1046
2025-06-02,871
2025-06-03,806
2025-06-04,799
2025-06-05,1112
2025-06-06,1030
2025-06-07,851
2025-06-08,825
2025-06-09,1041
2025-06-10,947
2025-06-11,996
2025-06-12,1030
2025-06-13,852
2025-06-14,765
2025-06-15,1053
2025-06-16,882
2025-06-17,1570
2025-06-18,1551
2025-06-19,1187
2025-06-20,1069
2025-06-21,872
2025-06-22,1094
2025-06-23,2060
2025-06-24,2154
2025-06-25,2893
2025-06-26,10803
2025-06-27,6592
2025-06-28,3103
2025-06-29,2094
2025-06-30,1648
2025-07-01,1439
2025-07-02,2553
2025-07-03,1738
2025-07-04,1237
2025-07-05,1209
2025-07-06,1176
2025-07-07,996
2025-07-08,1024
2025-07-09,1023
2025-07-10,865
2025-07-11,1064
2025-07-12,1724
2025-07-13,1305
2025-07-14,1069
2025-07-15,968
2025-07-16,715
2025-07-17,685
2025-07-18,682
2025-07-19,751
2025-07-20,640
2025-07-21,586
2025-07-22,649
2025-07-23,804
2025-07-24,666
2025-07-25,533
2025-07-26,621
2025-07-27,572
2025-07-28,471
2025-07-29,454
2025-07-30,409
2025-07-31,383
2025-08-01,418
2025-08-02,443
2025-08-03,389
2025-08-04,833
2025-08-05,863
2025-08-06,490
2025-08-07,422
2025-08-08,449
2025-08-09,356
2025-08-10,366
2025-08-11,378
2025-08-12,418
2025-08-13,324
2025-08-14,396
2025-08-15,402
2025-08-16,328
2025-08-17,365
2025-08-18,332
2025-08-19,335
2025-08-20,379
2025-08-21,388
2025-08-22,360
2025-08-23,341
2025-08-24,353
2025-08-25,335
2025-08-26,310
2025-08-27,329
2025-08-28,368
2025-08-29,298
2025-08-30,389
2025-08-31,398
2025-09-01,320
2025-09-02,336
2025-09-03,316
2025-09-04,328
2025-09-05,274
2025-09-06,311
2025-09-07,327
2025-09-08,266
2025-09-09,295
2025-09-10,254
2025-09-11,291
2025-09-12,249
2025-09-13,272
2025-09-14,342
2025-09-15,250
2025-09-16,511
2025-09-17,1451
2025-09-18,639
2025-09-19,432
2025-09-20,370
2025-09-21,285
2025-09-22,326
2025-09-23,375
2025-09-24,351
2025-09-25,406
2025-09-26,376
2025-09-27,323
2025-09-28,288
2025-09-29,384
2025-09-30,466
2025-10-01,390
2025-10-02,324
2025-10-03,350
2025-10-04,327
2025-10-05,362
2025-10-06,357
2025-10-07,488
2025-10-08,492
2025-10-09,603
2025-10-10,426
2025-10-11,669
2025-10-12,558
2025-10-13,654
2025-10-14,936
2025-10-15,783
2025-10-16,850
2025-10-17,1055
2025-10-18,1760
2025-10-19,962
2025-10-20,1005
2025-10-21,1178
2025-10-22,2301
2025-10-23,14046
2025-10-24,2938
2025-10-25,3327
2025-10-26,2536
2025-10-27,2577
2025-10-28,3325
2025-10-29,1962
2025-10-30,1574
2025-10-31,4618
2025-11-01,1857
2025-11-02,1405
2025-11-03,2054
2025-11-04,1118
2025-11-05,995
2025-11-06,3133
2025-11-07,935
2025-11-08,3004
2025-11-09,2130
2025-11-10,1189
2025-11-11,2131
2025-11-12,1214
2025-11-13,4822
2025-11-14,2003
2025-11-15,2832
2025-11-16,1374
2025-11-17,1153
2025-11-18,865
2025-11-19,1188
2025-11-20,891
2025-11-21,889
2025-11-22,1258
2025-11-23,793
2025-11-24,611
2025-11-25,625
2025-11-26,653
2025-11-27,846
2025-11-28,539
2025-11-29,799
2025-11-30,554
2025-12-01,643
2025-12-02,605
2025-12-03,798
2025-12-04,1017
2025-12-05,645
2025-12-06,592
2025-12-07,512
2025-12-08,527
2025-12-09,1111
2025-12-10,846
2025-12-11,9085
2025-12-12,2564
2025-12-13,1863
2025-12-14,10591
2025-12-15,2097
2025-12-16,1936
2025-12-17,13289
2025-12-18,1833
2025-12-19,1657
2025-12-20,2012
2025-12-21,1088
2025-12-22,1524
2025-12-23,897
2025-12-24,3470
2025-12-25,6497
2025-12-26,4456
2025-12-27,2302
2025-12-28,1924
2025-12-29,1777
2025-12-30,2730
2025-12-31,1245
2026-01-01,1862
2026-01-02,1340
2026-01-03,1652
2026-01-04,1090
2026-01-05,697
2026-01-06,757
2026-01-07,1184
2026-01-08,1937
2026-01-09,846
2026-01-10,740
2026-01-11,1112
2026-01-12,1087
2026-01-13,665
2026-01-14,2275
2026-01-15,643
2026-01-16,1012
2026-01-17,745
2026-01-18,831
2026-01-19,655
2026-01-20,790
2026-01-21,1849
2026-01-22,629
2026-01-23,816
2026-01-24,633
2026-01-25,554
2026-01-26,558
2026-01-27,712
2026-01-28,779
2026-01-29,2987
2026-01-30,1124
2026-01-31,1328
2026-02-01,845
2026-02-02,822
2026-02-03,652
2026-02-04,840
2026-02-05,1570
2026-02-06,1448
2026-02-07,1148
2026-02-08,11025
2026-02-09,1829
2026-02-10,1473
2026-02-11,2036
2026-02-12,2048
2026-02-13,1476
2026-02-14,2397
2026-02-15,1537
2026-02-16,1318
2026-02-17,1125
2026-02-18,1001
2026-02-19,1105
2026-02-20,1573
2026-02-21,1256
2026-02-22,1889
2026-02-23,1261
2026-02-24,5074
2026-02-25,1940
2026-02-26,1960
2026-02-27,1900
2026-02-28,1235
2026-03-01,2342
2026-03-02,1015
2026-03-03,768
2026-03-04,2398
2026-03-05,1072
2026-03-06,1595
2026-03-07,1650
2026-03-08,962
2026-03-09,3662
2026-03-10,1053
2026-03-11,2167
2026-03-12,820
2026-03-13,1757
2026-03-14,2017
2026-03-15,3787
2026-03-16,1697
2026-03-17,3152
2026-03-18,1853
2026-03-19,1758
2026-03-20,2347
2026-03-21,2418
2026-03-22,3110
2026-03-23,2413
2026-03-24,1875
2026-03-25,1183
2026-03-26,2031
2026-03-27,2077
2026-03-28,3329
2026-03-29,4009
2026-03-30,3056
2026-03-31,2815
2026-04-01,1591
2026-04-02,3360
2026-04-03,2160
2026-04-04,4195
2026-04-05,4125
2026-04-06,1969
2026-04-07,6215
2026-04-08,1677
2026-04-09,2358
2026-04-10,1935
2026-04-11,1930
2026-04-12,1495
2026-04-13,2121
2026-04-14,1443
2026-04-15,1402
2026-04-16,1096
2026-04-17,1061
2026-04-18,1266
2026-04-19,2077
2026-04-20,7237
2026-04-21,2075
2026-04-22,5277
2026-04-23,1201
2026-04-24,973
2026-04-25,10739
2026-04-26,6740
2026-04-27,4803
2026-04-28,3055
2026-04-29,8783
2026-04-30,2839
2026-05-01,2497
2026-05-02,2083
2026-05-03,1553
2026-05-04,1473
2026-05-05,5705
2026-05-06,1203
2026-05-07,10298
2026-05-08,1933
2026-05-09,9529
2026-05-10,3384
2026-05-11,9104
2026-05-12,2072
2026-05-13,13396
2026-05-14,3353
2026-05-15,2122
2026-05-16,32494
2026-05-17,6626
2026-05-18,4872
2026-05-19,48330
2026-05-20,11306
2026-05-21,51286
2026-05-22,9004
2026-05-23,21931
2026-05-24,3917
2026-05-25,36882
2026-05-26,8235
2026-05-27,15692
2026-05-28,3617
2026-05-29,23215
2026-05-30,6107
2026-05-31,71237
2026-06-01,20472
2026-06-02,11479
2026-06-03,14245
2026-06-04,28754
2026-06-05,5498
2026-06-06,37288
2026-06-07,4735
2026-06-08,6421
2026-06-09,104966
2026-06-10,20924
2026-06-11,62663
2026-06-12,9785
2026-06-13,5649
2026-06-14,39769
2026-06-15,7063
2026-06-16,4542
2026-06-17,3535
2026-06-18,2816
2026-06-19,2484
2026-06-20,2355
2026-06-21,2340
2026-06-22,2205
2026-06-23,2391
2026-06-24,3674
2026-06-25,2480
2026-06-26,2201
2026-06-27,1729
2026-06-28,1625
2026-06-29,1515
2026-06-30,1567
2026-07-01,1638
2026-07-02,1677
2026-07-03,1263
2026-07-04,1168
2026-07-05,1184
2026-07-06,1201
2026-07-07,987
2026-07-08,983
2026-07-09,967
2026-07-10,1000
2026-07-11,1073
2026-07-12,699
2026-07-13,744
2026-07-14,695
2026-07-15,585
2026-07-16,526
2026-07-17,553
2026-07-18,588
2026-07-19,2868
2026-07-20,3374
2026-07-21,2138
2026-07-22,1749
2026-07-23,946
2026-07-24,751
2026-07-25,640
2026-07-26,630
2026-07-27,737
2026-07-28,732
2026-07-29,517
2026-07-30,467
2026-07-31,501
2026-08-01,467
2026-08-02,530
2026-08-03,513
2026-08-04,519
2026-08-05,523
2026-08-06,550
2026-08-07,446
2026-08-08,464
2026-08-09,433
2026-08-10,498
2026-08-11,415
2026-08-12,420
2026-08-13,443
2026-08-14,467
2026-08-15,377
2026-08-16,362
2026-08-17,379
2026-08-18,369
2026-08-19,529
2026-08-20,472
2026-08-21,398
2026-08-22,420
2026-08-23,400
2026-08-24,348
2026-08-25,392
2026-08-26,404
2026-08-27,345
2026-08-28,384
2026-08-29,384
2026-08-30,394
2026-08-31,384
2026-09-01,406
2026-09-02,411
2026-09-03,384
2026-09-04,506
2026-09-05,409
2026-09-06,363
2026-09-07,413
2026-09-08,357
2026-09-09,344
2026-09-10,322
2026-09-11,296
2026-09-12,303
2026-09-13,284
2026-09-14,294
2026-09-15,306
2026-09-16,264
2026-09-17,291
2026-09-18,299
2026-09-19,276
2026-09-20,302
