season,checkpoint,predictor,spearman
2016,preseason,media_attn,0.12248459436738086
2016,preseason,media_tone,0.1083953921522858
2016,preseason,fan_attn,0.25930945169585223
2016,preseason,crowd_all,0.2600738001661244
2016,preseason,media_buzz,-0.03901246460150605
2016,preseason,fan_buzz,-0.18840626541960026
2016,preseason,crowd_buzz,-0.05724173843738124
2016,preseason,stats_baseline,
2016,25%,media_attn,0.2467980295566502
2016,25%,media_tone,-0.20985221674876844
2016,25%,fan_attn,0.0932146829810901
2016,25%,crowd_all,0.08504956383858381
2016,25%,media_buzz,0.06305418719211821
2016,25%,fan_buzz,-0.17819799777530587
2016,25%,crowd_buzz,-0.19879790720213206
2016,25%,stats_baseline,0.7793970456505532
2016,50%,media_attn,0.07366346614291466
2016,50%,media_tone,0.2884947118841239
2016,50%,fan_attn,0.14886515722355512
2016,50%,crowd_all,0.23327768647540437
2016,50%,media_buzz,-0.011332840945063791
2016,50%,fan_buzz,0.10480641113945362
2016,50%,crowd_buzz,0.08496661139328646
2016,50%,stats_baseline,0.8426791485883457
2016,75%,media_attn,0.36271752079011277
2016,75%,media_tone,0.2951549098475629
2016,75%,fan_attn,0.2935086653583741
2016,75%,crowd_all,0.40336421540196976
2016,75%,media_buzz,0.27320939023483676
2016,75%,fan_buzz,0.30486598093749173
2016,75%,crowd_buzz,0.39405084126604006
2016,75%,stats_baseline,0.8738452222050529
2017,preseason,media_attn,0.29856883694948755
2017,preseason,media_tone,-0.011847489975978402
2017,preseason,fan_attn,0.0677589536589956
2017,preseason,crowd_all,0.10514003685590063
2017,preseason,media_buzz,-0.15994111467570843
2017,preseason,fan_buzz,-0.2919875963594876
2017,preseason,crowd_buzz,-0.31142609077139277
2017,preseason,stats_baseline,0.7799620676899702
2017,25%,media_attn,0.24959962281335996
2017,25%,media_tone,0.03548109149567999
2017,25%,fan_attn,0.030043397690378174
2017,25%,crowd_all,0.09262970614847814
2017,25%,media_buzz,-0.38881362764016
2017,25%,fan_buzz,-0.3801046167049328
2017,25%,crowd_buzz,-0.41509856452381416
2017,25%,stats_baseline,0.6433737979472838
2017,50%,media_attn,0.1490882389055404
2017,50%,media_tone,0.1057171148602923
2017,50%,fan_attn,0.17427110562530604
2017,50%,crowd_all,0.19725998839072015
2017,50%,media_buzz,-0.4361755088641429
2017,50%,fan_buzz,-0.06788338086298638
2017,50%,crowd_buzz,-0.23330749898733
2017,50%,stats_baseline,0.7106610986738213
2017,75%,media_attn,0.17008188111603495
2017,75%,media_tone,0.06961261317085901
2017,75%,fan_attn,0.010922893137078232
2017,75%,crowd_all,0.07395432226195608
2017,75%,media_buzz,-0.1140461960458754
2017,75%,fan_buzz,-0.23606824147277236
2017,75%,crowd_buzz,-0.12961526767480086
2017,75%,stats_baseline,0.6206677067648644
2018,preseason,media_attn,0.3059466689908539
2018,preseason,media_tone,0.04589200034862808
2018,preseason,fan_attn,0.3442517556310362
2018,preseason,crowd_all,0.27813096773889384
2018,preseason,media_buzz,0.1448312054013155
2018,preseason,fan_buzz,-0.1412657689773961
2018,preseason,crowd_buzz,-0.01672800527699843
2018,preseason,stats_baseline,0.5548610647059018
2018,25%,media_attn,0.03991130941522466
2018,25%,media_tone,0.13550135912576275
2018,25%,fan_attn,0.22298877396858466
2018,25%,crowd_all,0.20941884286693194
2018,25%,media_buzz,-0.5636856539631729
2018,25%,fan_buzz,-0.22143096816241692
2018,25%,crowd_buzz,-0.24696716903097435
2018,25%,stats_baseline,0.7469115238246367
2018,50%,media_attn,0.21734847390857295
2018,50%,media_tone,0.14489898260571532
2018,50%,fan_attn,0.13977299403919818
2018,50%,crowd_all,0.25044524218094577
2018,50%,media_buzz,-0.0576638808328867
2018,50%,fan_buzz,-0.054751841614080816
2018,50%,crowd_buzz,0.07388012741765275
2018,50%,stats_baseline,0.6563543939834322
2018,75%,media_attn,0.036973142965342216
2018,75%,media_tone,0.15849153951143363
2018,75%,fan_attn,0.27938563666145105
2018,75%,crowd_all,0.2744988932222285
2018,75%,media_buzz,-0.3241312199961668
2018,75%,fan_buzz,0.20057885149957558
2018,75%,crowd_buzz,0.0845211602254245
2018,75%,stats_baseline,0.7424311539967643
2019,preseason,media_attn,0.1003333818344389
2019,preseason,media_tone,0.4733474181112066
2019,preseason,fan_attn,-0.07131725175276032
2019,preseason,crowd_all,0.22136734691862567
2019,preseason,media_buzz,0.023938842313236203
2019,preseason,fan_buzz,-0.19768250720218253
2019,preseason,crowd_buzz,0.1250000031140387
2019,preseason,stats_baseline,0.6351562658232092
2019,25%,media_attn,0.05864235955536
2019,25%,media_tone,-0.004681532905679999
2019,25%,fan_attn,0.06097697012713793
2019,25%,crowd_all,0.08926981300089049
2019,25%,media_buzz,-0.22594556181624
2019,25%,fan_buzz,-0.10281518320707199
2019,25%,crowd_buzz,-0.1332591199260802
2019,25%,stats_baseline,0.5652609639523005
2019,50%,media_attn,0.11265873785430235
2019,50%,media_tone,0.1853815555064231
2019,50%,fan_attn,0.049204067037505295
2019,50%,crowd_all,0.17398084637526737
2019,50%,media_buzz,-0.17083699197599897
2019,50%,fan_buzz,-0.1941445541027358
2019,50%,crowd_buzz,-0.14842879798080472
2019,50%,stats_baseline,0.7350257707634938
2019,75%,media_attn,-0.06265423734303782
2019,75%,media_tone,-0.16329568945311432
2019,75%,fan_attn,-0.2214303604126176
2019,75%,crowd_all,-0.15329777784444484
2019,75%,media_buzz,-0.11001492068895616
2019,75%,fan_buzz,-0.1746492983536139
2019,75%,crowd_buzz,-0.18894842385478086
2019,75%,stats_baseline,0.5811990043425748
2020,preseason,media_attn,0.383487441861708
2020,preseason,media_tone,-0.097597061039355
2020,preseason,fan_attn,0.053422378889440576
2020,preseason,crowd_all,0.1964345708730668
2020,preseason,media_buzz,0.2849045519229656
2020,preseason,fan_buzz,-0.0438508693384158
2020,preseason,crowd_buzz,0.06082210432092784
2020,preseason,stats_baseline,0.5832315680861516
2020,25%,media_attn,0.3762185668388969
2020,25%,media_tone,0.004193911892630325
2020,25%,fan_attn,0.14526026148239402
2020,25%,crowd_all,0.2061349706075462
2020,25%,media_buzz,-0.19143974286359602
2020,25%,fan_buzz,-0.012699133289104998
2020,25%,crowd_buzz,-0.08349127499905903
2020,25%,stats_baseline,0.7871234721124204
2020,50%,media_attn,-0.05500729975015158
2020,50%,media_tone,-0.19252554912553052
2020,50%,fan_attn,-0.03139035695352239
2020,50%,crowd_all,-0.10091305121285986
2020,50%,media_buzz,-0.4387167565438919
2020,50%,fan_buzz,-0.4813188066206766
2020,50%,crowd_buzz,-0.4836440182468636
2020,50%,stats_baseline,0.0848702243558198
2020,75%,media_attn,0.1986274355830746
2020,75%,media_tone,-0.4360334736292503
2020,75%,fan_attn,0.10754103771114153
2020,75%,crowd_all,-0.09745081063117841
2020,75%,media_buzz,-0.006708207286603851
2020,75%,fan_buzz,-0.04010990055172306
2020,75%,crowd_buzz,-0.18551196316310017
2020,75%,stats_baseline,0.0848702243558198
2021,preseason,media_attn,0.0747503119686464
2021,preseason,media_tone,0.1638092645121492
2021,preseason,fan_attn,-0.0946865201380636
2021,preseason,crowd_all,0.05326502081281723
2021,preseason,media_buzz,-0.29036672338975844
2021,preseason,fan_buzz,-0.03252760456507596
2021,preseason,crowd_buzz,-0.03444049518917507
2021,preseason,stats_baseline,0.35376741660337113
2021,25%,media_attn,0.11802390851688001
2021,25%,media_tone,0.13970679776424
2021,25%,fan_attn,-0.0763324845022201
2021,25%,crowd_all,0.08360236053137764
2021,25%,media_buzz,-0.12812616373439997
2021,25%,fan_buzz,-0.08478914459284508
2021,25%,crowd_buzz,-0.028609596080644544
2021,25%,stats_baseline,0.5605875465337973
2021,50%,media_attn,0.3499692592825356
2021,50%,media_tone,0.23339499192997268
2021,50%,fan_attn,0.016254738132983396
2021,50%,crowd_all,0.26194986235022927
2021,50%,media_buzz,0.1222427835240406
2021,50%,fan_buzz,0.4039191092223545
2021,50%,crowd_buzz,0.3950534857424684
2021,50%,stats_baseline,0.7029617573401175
2021,75%,media_attn,0.29052144060362395
2021,75%,media_tone,0.28912997798897616
2021,75%,fan_attn,-0.03829456801109009
2021,75%,crowd_all,0.2940521347187618
2021,75%,media_buzz,0.0978555850482724
2021,75%,fan_buzz,0.17210291321263163
2021,75%,crowd_buzz,0.3426183865278413
2021,75%,stats_baseline,0.5766449485390892
2022,preseason,media_attn,0.3761864389996862
2022,preseason,media_tone,0.13014546323800463
2022,preseason,fan_attn,0.22959592866804526
2022,preseason,crowd_all,0.37172780635083486
2022,preseason,media_buzz,-0.05817107826547177
2022,preseason,fan_buzz,0.03451733166202427
2022,preseason,crowd_buzz,0.01126855415796445
2022,preseason,stats_baseline,0.5417038897449546
2022,25%,media_attn,0.24944547120617552
2022,25%,media_tone,0.05545971444801333
2022,25%,fan_attn,0.14382727287886163
2022,25%,crowd_all,0.17791889483065956
2022,25%,media_buzz,-0.20088741011169273
2022,25%,fan_buzz,-0.12423470319876899
2022,25%,crowd_buzz,-0.20849120196853277
2022,25%,stats_baseline,0.4490706027812134
2022,50%,media_attn,0.26269101268315054
2022,50%,media_tone,0.18284871614530743
2022,50%,fan_attn,0.17783220101483974
2022,50%,crowd_all,0.2303408560090396
2022,50%,media_buzz,-0.1631345688520128
2022,50%,fan_buzz,0.0024482530803044264
2022,50%,crowd_buzz,-0.027391159283481837
2022,50%,stats_baseline,0.6714890493889505
2022,75%,media_attn,0.012817356227985303
2022,75%,media_tone,0.23465621402003864
2022,75%,fan_attn,0.08994770625860696
2022,75%,crowd_all,0.20583649430313325
2022,75%,media_buzz,-0.38994341447447595
2022,75%,fan_buzz,-0.24668826369934777
2022,75%,crowd_buzz,-0.183175488602202
2022,75%,stats_baseline,0.6590227983303877
2023,preseason,media_attn,0.34159607209234816
2023,preseason,media_tone,-0.11764716706718417
2023,preseason,fan_attn,0.2648403813877216
2023,preseason,crowd_all,0.381998671114265
2023,preseason,media_buzz,0.14206450362829787
2023,preseason,fan_buzz,-0.3147346164010518
2023,preseason,crowd_buzz,-0.16421405090457733
2023,preseason,stats_baseline,0.6033444966025611
2023,25%,media_attn,0.4409119752510255
2023,25%,media_tone,0.18139251748728608
2023,25%,fan_attn,0.22615473729863178
2023,25%,crowd_all,0.3586859688195991
2023,25%,media_buzz,-0.36993229449513093
2023,25%,fan_buzz,-0.40445192684213965
2023,25%,crowd_buzz,-0.38753916431314467
2023,25%,stats_baseline,0.5854202353301196
2023,50%,media_attn,0.4818238745756036
2023,50%,media_tone,0.07763402582675966
2023,50%,fan_attn,0.38664446721232615
2023,50%,crowd_all,0.4100879660205838
2023,50%,media_buzz,-0.1890326914575386
2023,50%,fan_buzz,-0.21012802363179958
2023,50%,crowd_buzz,-0.21469189268051014
2023,50%,stats_baseline,0.5958821178626351
2023,75%,media_attn,0.26775160949452953
2023,75%,media_tone,0.12401386701265962
2023,75%,fan_attn,0.41661116502482104
2023,75%,crowd_all,0.3403876479514628
2023,75%,media_buzz,-0.16222887573425454
2023,75%,fan_buzz,-0.30282799809393723
2023,75%,crowd_buzz,-0.16260165122662065
2023,75%,stats_baseline,0.6047653256052452
2024,preseason,media_attn,0.35121502285884754
2024,preseason,media_tone,0.15045025557857936
2024,preseason,fan_attn,0.06036984675233338
2024,preseason,crowd_all,0.22978248888070624
2024,preseason,media_buzz,0.06437297820657248
2024,preseason,fan_buzz,-0.06861222435320545
2024,preseason,crowd_buzz,0.11658495696585171
2024,preseason,stats_baseline,0.5563733724794673
2024,25%,media_attn,0.7354282696014861
2024,25%,media_tone,0.042138989839417204
2024,25%,fan_attn,0.29490321194576047
2024,25%,crowd_all,0.4465716940577575
2024,25%,media_buzz,-0.08082800390250784
2024,25%,fan_buzz,-0.034052974662416115
2024,25%,crowd_buzz,-0.06729807060842767
2024,25%,stats_baseline,0.7542845171956093
2024,50%,media_attn,0.3534557129201132
2024,50%,media_tone,0.41438779281733257
2024,50%,fan_attn,0.2948375684920936
2024,50%,crowd_all,0.48374889889706235
2024,50%,media_buzz,-0.22320769339625643
2024,50%,fan_buzz,-0.1978193195392235
2024,50%,crowd_buzz,-0.04742819441581863
2024,50%,stats_baseline,0.7400979266450589
2024,75%,media_attn,0.2748336960423772
2024,75%,media_tone,0.2977570446808893
2024,75%,fan_attn,0.3199377571624213
2024,75%,crowd_all,0.3468092408742825
2024,75%,media_buzz,-0.28247481225521454
2024,75%,fan_buzz,-0.030947354381055364
2024,75%,crowd_buzz,-0.05034528973215163
2024,75%,stats_baseline,0.6806191535459442
2025,preseason,media_attn,0.3928444288298985
2025,preseason,media_tone,0.2124355500009074
2025,preseason,fan_attn,0.11229960183692056
2025,preseason,crowd_all,0.22021636964207345
2025,preseason,media_buzz,0.02788062386771491
2025,preseason,fan_buzz,-0.3482624556966405
2025,preseason,crowd_buzz,-0.11617798164293063
2025,preseason,stats_baseline,0.6007362933994965
2025,25%,media_attn,0.4052489033839572
2025,25%,media_tone,0.06184551364872
2025,25%,fan_attn,0.1862690656803447
2025,25%,crowd_all,0.20835191376549964
2025,25%,media_buzz,-0.37969695829752
2025,25%,fan_buzz,-0.4660064797307549
2025,25%,crowd_buzz,-0.43127654986264496
2025,25%,stats_baseline,0.6264604777660339
2025,50%,media_attn,0.34314571020227425
2025,50%,media_tone,0.26604261810370144
2025,50%,fan_attn,0.2509734135009489
2025,50%,crowd_all,0.3446933461129517
2025,50%,media_buzz,-0.3502894471698736
2025,50%,fan_buzz,-0.2916898449465816
2025,50%,crowd_buzz,-0.22875610110371658
2025,50%,stats_baseline,0.654132833060984
2025,75%,media_attn,0.11431387388064347
2025,75%,media_tone,-0.002217294967512481
2025,75%,fan_attn,0.028927459550167667
2025,75%,crowd_all,0.041977514578048186
2025,75%,media_buzz,-0.4230106065798811
2025,75%,fan_buzz,-0.3702714822421462
2025,75%,crowd_buzz,-0.32453799700026126
2025,75%,stats_baseline,0.6748998831973734
2026,preseason,media_attn,0.1768187476701747
2026,preseason,media_tone,0.20162687297099957
2026,preseason,fan_attn,0.214898226153893
2026,preseason,crowd_all,0.22882300490414623
2026,preseason,media_buzz,-0.21543017967806066
2026,preseason,fan_buzz,-0.29662635983107305
2026,preseason,crowd_buzz,-0.20753878546996046
2026,preseason,stats_baseline,0.49927519750081306
2026,25%,media_attn,0.41389506060232983
2026,25%,media_tone,-0.10224193461307553
2026,25%,fan_attn,0.3328883037465448
2026,25%,crowd_all,0.3184710727633457
2026,25%,media_buzz,-0.0007390983225041603
2026,25%,fan_buzz,-0.06786827048308568
2026,25%,crowd_buzz,-0.06467052698094644
2026,25%,stats_baseline,0.7256341968699751
2026,50%,media_attn,0.4148386010611574
2026,50%,media_tone,0.164386968972853
2026,50%,fan_attn,0.3628269899574505
2026,50%,crowd_all,0.41986858485138506
2026,50%,media_buzz,-0.11410969510409436
2026,50%,fan_buzz,-0.1756260705990359
2026,50%,crowd_buzz,-0.08294366716420219
2026,50%,stats_baseline,0.7717307817070436
2026,75%,media_attn,0.2320394490046244
2026,75%,media_tone,0.059388868721049974
2026,75%,fan_attn,0.3060657123874199
2026,75%,crowd_all,0.24885870324626794
2026,75%,media_buzz,-0.20749140026192564
2026,75%,fan_buzz,-0.11441292812155192
2026,75%,crowd_buzz,-0.08660804223377197
2026,75%,stats_baseline,0.7606011194384101
