season,checkpoint,predictor,champion,champion_rank
2016,preseason,media_attn,CLE,8.0
2016,preseason,media_tone,CLE,20.0
2016,preseason,fan_attn,CLE,6.0
2016,preseason,crowd_all,CLE,10.5
2016,preseason,media_buzz,CLE,19.0
2016,preseason,fan_buzz,CLE,15.0
2016,preseason,crowd_buzz,CLE,23.0
2016,preseason,stats_baseline,CLE,
2016,25%,media_attn,CLE,3.0
2016,25%,media_tone,CLE,19.0
2016,25%,fan_attn,CLE,12.0
2016,25%,crowd_all,CLE,8.0
2016,25%,media_buzz,CLE,20.0
2016,25%,fan_buzz,CLE,25.0
2016,25%,crowd_buzz,CLE,25.0
2016,25%,stats_baseline,CLE,6.0
2016,50%,media_attn,CLE,3.0
2016,50%,media_tone,CLE,22.0
2016,50%,fan_attn,CLE,9.0
2016,50%,crowd_all,CLE,9.0
2016,50%,media_buzz,CLE,2.0
2016,50%,fan_buzz,CLE,12.0
2016,50%,crowd_buzz,CLE,11.0
2016,50%,stats_baseline,CLE,4.0
2016,75%,media_attn,CLE,2.0
2016,75%,media_tone,CLE,15.0
2016,75%,fan_attn,CLE,10.0
2016,75%,crowd_all,CLE,6.0
2016,75%,media_buzz,CLE,12.0
2016,75%,fan_buzz,CLE,18.0
2016,75%,crowd_buzz,CLE,13.0
2016,75%,stats_baseline,CLE,4.0
2016,pre-playoffs,media_attn,CLE,5.0
2016,pre-playoffs,media_tone,CLE,24.0
2016,pre-playoffs,fan_attn,CLE,11.0
2016,pre-playoffs,crowd_all,CLE,15.0
2016,pre-playoffs,media_buzz,CLE,19.0
2016,pre-playoffs,fan_buzz,CLE,21.0
2016,pre-playoffs,crowd_buzz,CLE,24.0
2016,pre-playoffs,stats_baseline,CLE,4.0
2017,preseason,media_attn,GSW,3.0
2017,preseason,media_tone,GSW,1.0
2017,preseason,fan_attn,GSW,1.0
2017,preseason,crowd_all,GSW,1.0
2017,preseason,media_buzz,GSW,28.0
2017,preseason,fan_buzz,GSW,30.0
2017,preseason,crowd_buzz,GSW,24.5
2017,preseason,stats_baseline,GSW,1.0
2017,25%,media_attn,GSW,2.0
2017,25%,media_tone,GSW,2.0
2017,25%,fan_attn,GSW,1.0
2017,25%,crowd_all,GSW,1.0
2017,25%,media_buzz,GSW,29.0
2017,25%,fan_buzz,GSW,30.0
2017,25%,crowd_buzz,GSW,25.5
2017,25%,stats_baseline,GSW,1.0
2017,50%,media_attn,GSW,2.0
2017,50%,media_tone,GSW,7.0
2017,50%,fan_attn,GSW,1.0
2017,50%,crowd_all,GSW,1.0
2017,50%,media_buzz,GSW,29.0
2017,50%,fan_buzz,GSW,29.0
2017,50%,crowd_buzz,GSW,27.0
2017,50%,stats_baseline,GSW,1.0
2017,75%,media_attn,GSW,3.0
2017,75%,media_tone,GSW,2.0
2017,75%,fan_attn,GSW,1.0
2017,75%,crowd_all,GSW,1.0
2017,75%,media_buzz,GSW,27.0
2017,75%,fan_buzz,GSW,29.0
2017,75%,crowd_buzz,GSW,22.0
2017,75%,stats_baseline,GSW,1.0
2017,pre-playoffs,media_attn,GSW,2.0
2017,pre-playoffs,media_tone,GSW,1.0
2017,pre-playoffs,fan_attn,GSW,1.0
2017,pre-playoffs,crowd_all,GSW,1.0
2017,pre-playoffs,media_buzz,GSW,29.0
2017,pre-playoffs,fan_buzz,GSW,29.0
2017,pre-playoffs,crowd_buzz,GSW,24.5
2017,pre-playoffs,stats_baseline,GSW,1.0
2018,preseason,media_attn,GSW,1.0
2018,preseason,media_tone,GSW,6.0
2018,preseason,fan_attn,GSW,2.0
2018,preseason,crowd_all,GSW,1.0
2018,preseason,media_buzz,GSW,1.0
2018,preseason,fan_buzz,GSW,30.0
2018,preseason,crowd_buzz,GSW,12.0
2018,preseason,stats_baseline,GSW,1.0
2018,25%,media_attn,GSW,2.0
2018,25%,media_tone,GSW,3.0
2018,25%,fan_attn,GSW,2.0
2018,25%,crowd_all,GSW,1.5
2018,25%,media_buzz,GSW,24.0
2018,25%,fan_buzz,GSW,30.0
2018,25%,crowd_buzz,GSW,23.5
2018,25%,stats_baseline,GSW,2.0
2018,50%,media_attn,GSW,2.0
2018,50%,media_tone,GSW,3.0
2018,50%,fan_attn,GSW,2.0
2018,50%,crowd_all,GSW,1.0
2018,50%,media_buzz,GSW,26.0
2018,50%,fan_buzz,GSW,30.0
2018,50%,crowd_buzz,GSW,26.0
2018,50%,stats_baseline,GSW,1.0
2018,75%,media_attn,GSW,2.0
2018,75%,media_tone,GSW,5.0
2018,75%,fan_attn,GSW,3.0
2018,75%,crowd_all,GSW,1.0
2018,75%,media_buzz,GSW,25.0
2018,75%,fan_buzz,GSW,30.0
2018,75%,crowd_buzz,GSW,24.5
2018,75%,stats_baseline,GSW,2.0
2018,pre-playoffs,media_attn,GSW,3.0
2018,pre-playoffs,media_tone,GSW,25.0
2018,pre-playoffs,fan_attn,GSW,1.0
2018,pre-playoffs,crowd_all,GSW,6.5
2018,pre-playoffs,media_buzz,GSW,29.0
2018,pre-playoffs,fan_buzz,GSW,30.0
2018,pre-playoffs,crowd_buzz,GSW,30.0
2018,pre-playoffs,stats_baseline,GSW,3.0
2019,preseason,media_attn,TOR,7.0
2019,preseason,media_tone,TOR,11.0
2019,preseason,fan_attn,TOR,8.0
2019,preseason,crowd_all,TOR,4.0
2019,preseason,media_buzz,TOR,11.0
2019,preseason,fan_buzz,TOR,21.0
2019,preseason,crowd_buzz,TOR,12.5
2019,preseason,stats_baseline,TOR,2.0
2019,25%,media_attn,TOR,10.0
2019,25%,media_tone,TOR,11.0
2019,25%,fan_attn,TOR,7.0
2019,25%,crowd_all,TOR,8.0
2019,25%,media_buzz,TOR,20.0
2019,25%,fan_buzz,TOR,17.0
2019,25%,crowd_buzz,TOR,17.5
2019,25%,stats_baseline,TOR,2.0
2019,50%,media_attn,TOR,10.0
2019,50%,media_tone,TOR,22.0
2019,50%,fan_attn,TOR,7.0
2019,50%,crowd_all,TOR,13.0
2019,50%,media_buzz,TOR,21.0
2019,50%,fan_buzz,TOR,25.0
2019,50%,crowd_buzz,TOR,26.0
2019,50%,stats_baseline,TOR,4.0
2019,75%,media_attn,TOR,8.0
2019,75%,media_tone,TOR,12.0
2019,75%,fan_attn,TOR,9.0
2019,75%,crowd_all,TOR,10.0
2019,75%,media_buzz,TOR,19.0
2019,75%,fan_buzz,TOR,15.0
2019,75%,crowd_buzz,TOR,15.5
2019,75%,stats_baseline,TOR,6.0
2019,pre-playoffs,media_attn,TOR,6.0
2019,pre-playoffs,media_tone,TOR,13.0
2019,pre-playoffs,fan_attn,TOR,12.0
2019,pre-playoffs,crowd_all,TOR,7.0
2019,pre-playoffs,media_buzz,TOR,20.0
2019,pre-playoffs,fan_buzz,TOR,26.0
2019,pre-playoffs,crowd_buzz,TOR,24.5
2019,pre-playoffs,stats_baseline,TOR,3.0
2020,preseason,media_attn,LAL,2.0
2020,preseason,media_tone,LAL,26.0
2020,preseason,fan_attn,LAL,1.0
2020,preseason,crowd_all,LAL,6.0
2020,preseason,media_buzz,LAL,3.0
2020,preseason,fan_buzz,LAL,11.0
2020,preseason,crowd_buzz,LAL,10.0
2020,preseason,stats_baseline,LAL,20.0
2020,25%,media_attn,LAL,1.0
2020,25%,media_tone,LAL,7.0
2020,25%,fan_attn,LAL,1.0
2020,25%,crowd_all,LAL,1.0
2020,25%,media_buzz,LAL,13.0
2020,25%,fan_buzz,LAL,9.0
2020,25%,crowd_buzz,LAL,7.5
2020,25%,stats_baseline,LAL,4.0
2020,50%,media_attn,LAL,2.0
2020,50%,media_tone,LAL,1.0
2020,50%,fan_attn,LAL,1.0
2020,50%,crowd_all,LAL,1.0
2020,50%,media_buzz,LAL,22.0
2020,50%,fan_buzz,LAL,9.0
2020,50%,crowd_buzz,LAL,6.0
2020,50%,stats_baseline,LAL,2.0
2020,75%,media_attn,LAL,2.0
2020,75%,media_tone,LAL,26.0
2020,75%,fan_attn,LAL,2.0
2020,75%,crowd_all,LAL,5.0
2020,75%,media_buzz,LAL,11.0
2020,75%,fan_buzz,LAL,16.0
2020,75%,crowd_buzz,LAL,18.0
2020,75%,stats_baseline,LAL,2.0
2020,pre-playoffs,media_attn,LAL,1.0
2020,pre-playoffs,media_tone,LAL,13.0
2020,pre-playoffs,fan_attn,LAL,2.0
2020,pre-playoffs,crowd_all,LAL,1.0
2020,pre-playoffs,media_buzz,LAL,20.0
2020,pre-playoffs,fan_buzz,LAL,28.0
2020,pre-playoffs,crowd_buzz,LAL,27.0
2020,pre-playoffs,stats_baseline,LAL,5.0
2021,preseason,media_attn,MIL,2.0
2021,preseason,media_tone,MIL,13.0
2021,preseason,fan_attn,MIL,12.0
2021,preseason,crowd_all,MIL,7.0
2021,preseason,media_buzz,MIL,3.0
2021,preseason,fan_buzz,MIL,3.0
2021,preseason,crowd_buzz,MIL,2.0
2021,preseason,stats_baseline,MIL,1.0
2021,25%,media_attn,MIL,16.0
2021,25%,media_tone,MIL,12.0
2021,25%,fan_attn,MIL,21.0
2021,25%,crowd_all,MIL,18.0
2021,25%,media_buzz,MIL,27.0
2021,25%,fan_buzz,MIL,19.0
2021,25%,crowd_buzz,MIL,21.0
2021,25%,stats_baseline,MIL,2.0
2021,50%,media_attn,MIL,10.0
2021,50%,media_tone,MIL,6.0
2021,50%,fan_attn,MIL,23.0
2021,50%,crowd_all,MIL,12.5
2021,50%,media_buzz,MIL,27.0
2021,50%,fan_buzz,MIL,17.0
2021,50%,crowd_buzz,MIL,16.5
2021,50%,stats_baseline,MIL,3.0
2021,75%,media_attn,MIL,9.0
2021,75%,media_tone,MIL,21.0
2021,75%,fan_attn,MIL,19.0
2021,75%,crowd_all,MIL,16.0
2021,75%,media_buzz,MIL,29.0
2021,75%,fan_buzz,MIL,14.0
2021,75%,crowd_buzz,MIL,27.0
2021,75%,stats_baseline,MIL,4.0
2021,pre-playoffs,media_attn,MIL,10.0
2021,pre-playoffs,media_tone,MIL,12.0
2021,pre-playoffs,fan_attn,MIL,23.0
2021,pre-playoffs,crowd_all,MIL,14.0
2021,pre-playoffs,media_buzz,MIL,28.0
2021,pre-playoffs,fan_buzz,MIL,20.0
2021,pre-playoffs,crowd_buzz,MIL,23.5
2021,pre-playoffs,stats_baseline,MIL,3.0
2022,preseason,media_attn,GSW,3.0
2022,preseason,media_tone,GSW,18.0
2022,preseason,fan_attn,GSW,2.0
2022,preseason,crowd_all,GSW,3.5
2022,preseason,media_buzz,GSW,2.0
2022,preseason,fan_buzz,GSW,9.0
2022,preseason,crowd_buzz,GSW,6.0
2022,preseason,stats_baseline,GSW,14.0
2022,25%,media_attn,GSW,2.0
2022,25%,media_tone,GSW,1.0
2022,25%,fan_attn,GSW,1.0
2022,25%,crowd_all,GSW,1.0
2022,25%,media_buzz,GSW,2.0
2022,25%,fan_buzz,GSW,1.0
2022,25%,crowd_buzz,GSW,1.0
2022,25%,stats_baseline,GSW,1.0
2022,50%,media_attn,GSW,4.0
2022,50%,media_tone,GSW,3.0
2022,50%,fan_attn,GSW,2.0
2022,50%,crowd_all,GSW,1.0
2022,50%,media_buzz,GSW,9.0
2022,50%,fan_buzz,GSW,3.0
2022,50%,crowd_buzz,GSW,2.0
2022,50%,stats_baseline,GSW,1.0
2022,75%,media_attn,GSW,4.0
2022,75%,media_tone,GSW,3.0
2022,75%,fan_attn,GSW,2.0
2022,75%,crowd_all,GSW,1.0
2022,75%,media_buzz,GSW,15.0
2022,75%,fan_buzz,GSW,7.0
2022,75%,crowd_buzz,GSW,4.0
2022,75%,stats_baseline,GSW,2.0
2022,pre-playoffs,media_attn,GSW,5.0
2022,pre-playoffs,media_tone,GSW,24.0
2022,pre-playoffs,fan_attn,GSW,3.0
2022,pre-playoffs,crowd_all,GSW,8.5
2022,pre-playoffs,media_buzz,GSW,19.0
2022,pre-playoffs,fan_buzz,GSW,25.0
2022,pre-playoffs,crowd_buzz,GSW,28.5
2022,pre-playoffs,stats_baseline,GSW,5.0
2023,preseason,media_attn,DEN,13.0
2023,preseason,media_tone,DEN,7.0
2023,preseason,fan_attn,DEN,24.0
2023,preseason,crowd_all,DEN,15.5
2023,preseason,media_buzz,DEN,12.0
2023,preseason,fan_buzz,DEN,11.0
2023,preseason,crowd_buzz,DEN,5.5
2023,preseason,stats_baseline,DEN,10.5
2023,25%,media_attn,DEN,27.0
2023,25%,media_tone,DEN,9.0
2023,25%,fan_attn,DEN,29.0
2023,25%,crowd_all,DEN,26.0
2023,25%,media_buzz,DEN,24.0
2023,25%,fan_buzz,DEN,21.0
2023,25%,crowd_buzz,DEN,19.0
2023,25%,stats_baseline,DEN,7.0
2023,50%,media_attn,DEN,12.0
2023,50%,media_tone,DEN,20.0
2023,50%,fan_attn,DEN,13.0
2023,50%,crowd_all,DEN,13.5
2023,50%,media_buzz,DEN,3.0
2023,50%,fan_buzz,DEN,1.0
2023,50%,crowd_buzz,DEN,5.0
2023,50%,stats_baseline,DEN,5.0
2023,75%,media_attn,DEN,9.0
2023,75%,media_tone,DEN,17.0
2023,75%,fan_attn,DEN,21.0
2023,75%,crowd_all,DEN,17.0
2023,75%,media_buzz,DEN,5.0
2023,75%,fan_buzz,DEN,8.0
2023,75%,crowd_buzz,DEN,6.5
2023,75%,stats_baseline,DEN,3.0
2023,pre-playoffs,media_attn,DEN,14.0
2023,pre-playoffs,media_tone,DEN,17.0
2023,pre-playoffs,fan_attn,DEN,23.0
2023,pre-playoffs,crowd_all,DEN,21.0
2023,pre-playoffs,media_buzz,DEN,13.0
2023,pre-playoffs,fan_buzz,DEN,9.0
2023,pre-playoffs,crowd_buzz,DEN,10.5
2023,pre-playoffs,stats_baseline,DEN,6.0
2024,preseason,media_attn,BOS,9.0
2024,preseason,media_tone,BOS,3.0
2024,preseason,fan_attn,BOS,3.0
2024,preseason,crowd_all,BOS,3.0
2024,preseason,media_buzz,BOS,19.0
2024,preseason,fan_buzz,BOS,7.0
2024,preseason,crowd_buzz,BOS,5.5
2024,preseason,stats_baseline,BOS,2.0
2024,25%,media_attn,BOS,5.0
2024,25%,media_tone,BOS,4.0
2024,25%,fan_attn,BOS,3.0
2024,25%,crowd_all,BOS,3.0
2024,25%,media_buzz,BOS,25.0
2024,25%,fan_buzz,BOS,27.0
2024,25%,crowd_buzz,BOS,22.5
2024,25%,stats_baseline,BOS,1.0
2024,50%,media_attn,BOS,2.0
2024,50%,media_tone,BOS,13.0
2024,50%,fan_attn,BOS,4.0
2024,50%,crowd_all,BOS,3.0
2024,50%,media_buzz,BOS,16.0
2024,50%,fan_buzz,BOS,22.0
2024,50%,crowd_buzz,BOS,18.0
2024,50%,stats_baseline,BOS,1.0
2024,75%,media_attn,BOS,3.0
2024,75%,media_tone,BOS,2.0
2024,75%,fan_attn,BOS,3.0
2024,75%,crowd_all,BOS,2.5
2024,75%,media_buzz,BOS,21.0
2024,75%,fan_buzz,BOS,24.0
2024,75%,crowd_buzz,BOS,19.0
2024,75%,stats_baseline,BOS,1.0
2024,pre-playoffs,media_attn,BOS,6.0
2024,pre-playoffs,media_tone,BOS,1.0
2024,pre-playoffs,fan_attn,BOS,3.0
2024,pre-playoffs,crowd_all,BOS,2.5
2024,pre-playoffs,media_buzz,BOS,28.0
2024,pre-playoffs,fan_buzz,BOS,24.0
2024,pre-playoffs,crowd_buzz,BOS,18.0
2024,pre-playoffs,stats_baseline,BOS,1.0
2025,preseason,media_attn,OKC,20.0
2025,preseason,media_tone,OKC,13.0
2025,preseason,fan_attn,OKC,24.0
2025,preseason,crowd_all,OKC,21.5
2025,preseason,media_buzz,OKC,26.0
2025,preseason,fan_buzz,OKC,28.0
2025,preseason,crowd_buzz,OKC,27.0
2025,preseason,stats_baseline,OKC,2.5
2025,25%,media_attn,OKC,15.0
2025,25%,media_tone,OKC,26.0
2025,25%,fan_attn,OKC,17.0
2025,25%,crowd_all,OKC,22.0
2025,25%,media_buzz,OKC,18.0
2025,25%,fan_buzz,OKC,17.0
2025,25%,crowd_buzz,OKC,24.5
2025,25%,stats_baseline,OKC,1.0
2025,50%,media_attn,OKC,9.0
2025,50%,media_tone,OKC,13.0
2025,50%,fan_attn,OKC,12.0
2025,50%,crowd_all,OKC,8.0
2025,50%,media_buzz,OKC,8.0
2025,50%,fan_buzz,OKC,7.0
2025,50%,crowd_buzz,OKC,4.5
2025,50%,stats_baseline,OKC,1.0
2025,75%,media_attn,OKC,13.0
2025,75%,media_tone,OKC,16.0
2025,75%,fan_attn,OKC,13.0
2025,75%,crowd_all,OKC,13.5
2025,75%,media_buzz,OKC,15.0
2025,75%,fan_buzz,OKC,14.0
2025,75%,crowd_buzz,OKC,14.0
2025,75%,stats_baseline,OKC,1.0
2025,pre-playoffs,media_attn,OKC,12.0
2025,pre-playoffs,media_tone,OKC,13.0
2025,pre-playoffs,fan_attn,OKC,7.0
2025,pre-playoffs,crowd_all,OKC,7.0
2025,pre-playoffs,media_buzz,OKC,8.0
2025,pre-playoffs,fan_buzz,OKC,4.0
2025,pre-playoffs,crowd_buzz,OKC,4.0
2025,pre-playoffs,stats_baseline,OKC,1.0
2026,preseason,media_attn,NYK,3.0
2026,preseason,media_tone,NYK,22.0
2026,preseason,fan_attn,NYK,4.0
2026,preseason,crowd_all,NYK,5.0
2026,preseason,media_buzz,NYK,14.0
2026,preseason,fan_buzz,NYK,25.0
2026,preseason,crowd_buzz,NYK,25.5
2026,preseason,stats_baseline,NYK,5.0
2026,25%,media_attn,NYK,3.0
2026,25%,media_tone,NYK,12.0
2026,25%,fan_attn,NYK,9.0
2026,25%,crowd_all,NYK,5.0
2026,25%,media_buzz,NYK,24.0
2026,25%,fan_buzz,NYK,27.0
2026,25%,crowd_buzz,NYK,24.0
2026,25%,stats_baseline,NYK,4.0
2026,50%,media_attn,NYK,2.0
2026,50%,media_tone,NYK,8.0
2026,50%,fan_attn,NYK,3.0
2026,50%,crowd_all,NYK,2.0
2026,50%,media_buzz,NYK,24.0
2026,50%,fan_buzz,NYK,25.0
2026,50%,crowd_buzz,NYK,22.0
2026,50%,stats_baseline,NYK,8.0
2026,75%,media_attn,NYK,6.0
2026,75%,media_tone,NYK,22.0
2026,75%,fan_attn,NYK,6.0
2026,75%,crowd_all,NYK,10.0
2026,75%,media_buzz,NYK,27.0
2026,75%,fan_buzz,NYK,28.0
2026,75%,crowd_buzz,NYK,29.0
2026,75%,stats_baseline,NYK,5.0
2026,pre-playoffs,media_attn,NYK,18.0
2026,pre-playoffs,media_tone,NYK,11.0
2026,pre-playoffs,fan_attn,NYK,10.0
2026,pre-playoffs,crowd_all,NYK,11.0
2026,pre-playoffs,media_buzz,NYK,29.0
2026,pre-playoffs,fan_buzz,NYK,28.0
2026,pre-playoffs,crowd_buzz,NYK,26.5
2026,pre-playoffs,stats_baseline,NYK,5.0
