name_key,title,shortdesc
Aaron Gordon,Aaron Gordon,American basketball player (born 1995)
Aaron Nesmith,Aaron Nesmith,American basketball player (born 1999)
Ajay Mitchell,Ajay Mitchell,Belgian basketball player (born 2002)
Al Horford,Al Horford,Dominican basketball player (born 1986)
Alex Caruso,Alex Caruso,American basketball player (born 1994)
Alex Sarr,Alex Sarr,French basketball player (born 2005)
Alperen Sengun,Alperen Şengün,Turkish basketball player (born 2002)
Alvin Gentry,Alvin Gentry,American basketball player & coach (born 1954)
Amen Thompson,Amen Thompson,American basketball player (born 2003)
AmericaShai Gilgeous-Alexander,Shai Gilgeous-Alexander,Canadian basketball player (born 1998)
AmericaStephon Castle,Stephon Castle,American basketball player (born 2004)
AmericaVictor Wembanyama,Victor Wembanyama,French basketball player (born 2004)
Andre Drummond,Andre Drummond,American basketball player (born 1993)
Andre Iguodala,Andre Iguodala,American basketball player (born 1984)
Andrew Wiggins,Andrew Wiggins,Canadian basketball player (born 1995)
Anfernee Simons,Anfernee Simons,American basketball player (born 1999)
Anthony Davis,Anthony Davis,American basketball player (born 1993)
Anthony Edwards,Anthony Edwards (basketball),American basketball player (born 2001)
Ausar Thompson,Ausar Thompson,American basketball player (born 2003)
Austin Reaves,Austin Reaves,American basketball player (born 1998)
Ayo Dosunmu,Ayo Dosunmu,American basketball player (born 2000)
Bam Adebayo,Bam Adebayo,American basketball player (born 1997)
Ben Simmons,Ben Simmons,Australian basketball player (born 1996)
Bennedict Mathurin,Bennedict Mathurin,Canadian basketball player (born 2002)
Bobby Portis,Bobby Portis,American basketball player (born 1995)
Bobby Portis Jr.,Bobby Portis,American basketball player (born 1995)
Bogdan Bogdanovic,,Topics referred to by the same term
Bojan Bogdanovic,Bojan Bogdanović,Croatian basketball player (born 1989)
Brad Stevens,Brad Stevens,"American basketball executive, coach and player (born 1976)"
Brandin Podziemski,Brandin Podziemski,American basketball player (born 2003)
Brandon Clarke,Brandon Clarke,Canadian-American basketball player (1996–2026)
Brandon Ingram,Brandon Ingram,American basketball player (born 1997)
Brandon Miller,"Brandon Miller (basketball, born 2002)",American basketball player (born 2002)
Brett Brown,Brett Brown,American professional basketball coach
Brook Lopez,Brook Lopez,American basketball player (born 1988)
Bryn Forbes,Bryn Forbes,American basketball player (born 1993)
Buddy Hield,Buddy Hield,Bahamian basketball player (born 1992)
Cade Cunningham,Cade Cunningham,American basketball player (born 2001)
Cam Johnson,Cameron Johnson,American basketball player (born 1996)
Cam Thomas,Cam Thomas,American basketball player (born 2001)
Carmelo Anthony,Carmelo Anthony,American basketball player (born 1984)
Cason Wallace,Cason Wallace,American basketball player (born 2003)
Cedric Coward,Cedric Coward,American basketball player (born 2003)
Charles Lee,Charles Lee (basketball),American basketball player & coach (born 1984)
Chet Holmgren,Chet Holmgren,American basketball player (born 2002)
Chris Boucher,Chris Boucher (basketball),Saint Lucian-Canadian basketball player (born 1993)
Chris Finch,Chris Finch,American basketball coach (born 1969)
Chris Paul,Chris Paul,American basketball player (born 1985)
Christian Braun,Christian Braun,American basketball player (born 2001)
Christian Wood,Christian Wood,American basketball player (born 1995)
Clint Capela,Clint Capela,Swiss basketball player (born 1994)
Coby White,Coby White,American basketball player (born 2000)
Collin Gillespie,Collin Gillespie,American basketball player (born 1999)
Collin Sexton,Collin Sexton,American basketball player (born 1999)
Cooper Flagg,Cooper Flagg,American basketball player (born 2006)
D'Angelo Russell,D'Angelo Russell,American basketball player (born 1996)
Damian Lillard,Damian Lillard,American basketball player (born 1990)
Danilo Gallinari,Danilo Gallinari,Italian basketball player (born 1988)
Dario Saric,Dario Šarić,Croatian basketball player (born 1994)
Darius Garland,Darius Garland,American basketball player (born 2000)
Darko Rajakovic,,not found
Darvin Ham,Darvin Ham,American basketball coach & player (born 1973)
Davis Bertans,Dāvis Bertāns,Latvian basketball player (born 1992)
De'Aaron Fox,De'Aaron Fox,American basketball player (born 1997)
De'Andre Hunter,De'Andre Hunter,American basketball player (born 1997)
DeAaron Fox,De'Aaron Fox,American basketball player (born 1997)
DeAnthony Melton,De'Anthony Melton,American basketball player (born 1998)
DeMar DeRozan,DeMar DeRozan,American basketball player (born 1989)
Deandre Ayton,Deandre Ayton,Bahamian basketball player (born 1998)
Dejounte Murray,Dejounte Murray,American basketball player (born 1996)
Deni Avdija,Deni Avdija,Israeli basketball player (born 2001)
